Country;Continent;Rank;Title;Artists;Album;Explicit;Duration
Global;Global;1;Rain On Me;Lady Gaga Ariana Grande;Rain On Me (with Ariana Grande);0;1820
Global;Global;2;Blinding Lights;The Weeknd;After Hours;0;200
Global;Global;3;ROCKSTAR (feat. Roddy Ricch);DaBaby, Roddy Ricch;BLAME IT ON BABY;1;181
Global;Global;4;Roses - Imanbek Remix;SAINt JHN, Imanbek;Roses (Imanbek Remix);1;176
Global;Global;5;Toosie Slide;Drake;Dark Lane Demo Tapes;1;247
Global;Global;6;death bed (coffee for your head) (feat. beabadoobee);Powfu, beabadoobee;death bed (coffee for your head) (feat. beabadoobee);0;173
Global;Global;7;THE SCOTTS;THE SCOTTS, Travis Scott, Kid Cudi;THE SCOTTS;1;165
Global;Global;8;Don't Start Now;Dua Lipa;Future Nostalgia;0;183
Global;Global;9;Stuck with U (with Justin Bieber);Ariana Grande, Justin Bieber;Stuck with U;0;228
Global;Global;10;Dance Monkey;Tones And I;Dance Monkey (Stripped Back) / Dance Monkey;0;209
Global;Global;11;GOOBA;6ix9ine;GOOBA;1;132
Global;Global;12;Blueberry Faygo;Lil Mosey;Certified Hitmaker;1;162
Global;Global;13;The Box;Roddy Ricch;Please Excuse Me For Being Antisocial;1;196
Global;Global;14;ily (i love you baby) (feat. Emilee);Surf Mesa, Emilee;ily (i love you baby) (feat. Emilee);0;176
Global;Global;15;Break My Heart;Dua Lipa;Future Nostalgia;0;221
Global;Global;16;Supalonely;BENEE, Gus Dapperton;STELLA & STEVE;1;223
Global;Global;17;Intentions (feat. Quavo);Justin Bieber, Quavo;Changes;0;212
Global;Global;18;In Your Eyes;The Weeknd;After Hours;1;237
Global;Global;19;Sunday Best;Surfaces;Where the Light Is;0;158
Global;Global;20;Say So;Doja Cat;Hot Pink;1;237
Global;Global;21;Falling;Trevor Daniel;Nicotine;0;159
Global;Global;22;Savage Remix (feat. Beyoncé);Megan Thee Stallion, Beyoncé;Savage Remix (feat. Beyoncé);1;242
Global;Global;23;Safaera;Bad Bunny, Jowell & Randy, Nengo Flow;YHLQMDLG;1;295
Global;Global;24;Someone You Loved;Lewis Capaldi;Divinely Uninspired To A Hellish Extent;0;182
Global;Global;25;Yo Perreo Sola;Bad Bunny;YHLQMDLG;0;172
Global;Global;26;Circles;Post Malone;Hollywood's Bleeding;0;215
Global;Global;27;Say So (feat. Nicki Minaj);Doja Cat, Nicki Minaj;Say So (feat. Nicki Minaj);1;206
Global;Global;28;Party Girl;StaySolidRocky;Party Girl;0;147
Global;Global;29;Watermelon Sugar;Harry Styles;Fine Line;0;174
Global;Global;30;goosebumps;Travis Scott;Birds In The Trap Sing McKnight;1;243
Global;Global;31;Tusa;KAROL G, Nicki Minaj;Tusa;0;200
Global;Global;32;WHATS POPPIN;Jack Harlow;Sweet Action;1;139
Global;Global;33;Boss Bitch;Doja Cat;Boss Bitch;0;134
Global;Global;34;ROXANNE;Arizona Zervas;ROXANNE;1;163
Global;Global;35;SICKO MODE;Travis Scott;ASTROWORLD;1;312
Global;Global;36;Play Date;Melanie Martinez;Cry Baby (Deluxe Edition);1;179
Global;Global;37;Be Kind (with Halsey);Marshmello, Halsey;Be Kind (with Halsey);0;172
Global;Global;38;Life Is Good (feat. Drake);Future, Drake;High Off Life;1;237
Global;Global;39;HIGHEST IN THE ROOM;Travis Scott;HIGHEST IN THE ROOM;1;175
Global;Global;40;Breaking Me;Topic, A7S;Breaking Me;0;166
Global;Global;41;Adore You;Harry Styles;Fine Line;0;207
Global;Global;42;Rojo;J Balvin;Colores;0;150
Global;Global;43;Before You Go;Lewis Capaldi;Divinely Uninspired To A Hellish Extent (Extended Edition);0;215
Global;Global;44;Memories;Maroon 5;Memories;0;189
Global;Global;45;After Party;Don Toliver;Heaven Or Hell;1;167
Global;Global;46;bad guy;Billie Eilish;WHEN WE ALL FALL ASLEEP, WHERE DO WE GO?;0;194
Global;Global;47;Señorita;Shawn Mendes, Camila Cabello;Shawn Mendes (Deluxe);0;190
Global;Global;48;Daechwita;Agust D;D-2;1;225
Global;Global;49;MAMACITA;Black Eyed Peas, Ozuna, J. Rey Soul;MAMACITA;1;249
Global;Global;50;Favorito;Camilo;Por Primera Vez;0;209
Argentina;South America;1;Colocao;Nicki Nicole;Colocao;1;179
Argentina;South America;2;Favorito;Camilo;Por Primera Vez;0;209
Argentina;South America;3;PORFA;Feid, Justin Quiles;FERXXO (VOL 1: M.O.R);0;232
Argentina;South America;4;Yo Perreo Sola;Bad Bunny;YHLQMDLG;0;172
Argentina;South America;5;C.R.O: Bzrp Music Session, Vol. 29;Bizarrap, C.R.O;C.R.O: Bzrp Music Session, Vol. 29;0;146
Argentina;South America;6;Elegí (feat. Dímelo Flow);Rauw Alejandro, Dalex, Lenny Tavárez, Dímelo Flow;Elegí (feat. Dímelo Flow);0;197
Argentina;South America;7;Rojo;J Balvin;Colores;0;150
Argentina;South America;8;Safaera;Bad Bunny, Jowell & Randy, Nengo Flow;YHLQMDLG;1;295
Argentina;South America;9;Tattoo;Rauw Alejandro;Tattoo;0;202
Argentina;South America;10;Inolvidable;Ovy On The Drums, Beéle;Inolvidable;0;225
Argentina;South America;11;Tusa;KAROL G, Nicki Minaj;Tusa;0;200
Argentina;South America;12;Hola - Remix;Dalex, Lenny Tavárez, Chencho Corleone, Juhn, Dímelo Flow;Hola (Remix);0;249
Argentina;South America;13;Por Primera Vez;Camilo, Evaluna Montaner;Por Primera Vez;0;182
Argentina;South America;14;Diosa;Myke Towers;Easy Money Baby;1;214
Argentina;South America;15;La Jeepeta - Remix;Nio Garcia, Anuel AA, Myke Towers, Brray, Juanka;La Jeepeta (Remix);1;345
Argentina;South America;16;Relación;Sech;1 of 1;0;184
Argentina;South America;17;Morado;J Balvin;Colores;0;200
Argentina;South America;18;Sigues Con El;Dímelo Flow, Arcangel, Sech;Sigues Con El;0;226
Argentina;South America;19;Blinding Lights;The Weeknd;After Hours;0;200
Argentina;South America;20;Tak Tiki Tak;Harry Nach;Tak Tiki Tak;1;212
Argentina;South America;21;Dance Monkey;Tones And I;Dance Monkey (Stripped Back) / Dance Monkey;0;209
Argentina;South America;22;Fantasias;Rauw Alejandro, Farruko;Fantasias;0;199
Argentina;South America;23;Loco;Beéle;Loco;0;204
Argentina;South America;24;Locura;Cali Y El Dandee, Sebastian Yatra;Colegio;0;209
Argentina;South America;25;Roses - Imanbek Remix;SAINt JHN, Imanbek;Roses (Imanbek Remix);1;176
Argentina;South America;26;Don't Start Now;Dua Lipa;Future Nostalgia;0;183
Argentina;South America;27;La Difícil;Bad Bunny;YHLQMDLG;1;163
Argentina;South America;28;Rain On Me (with Ariana Grande);Lady Gaga, Ariana Grande;Rain On Me (with Ariana Grande);0;182
Argentina;South America;29;Amarillo;J Balvin;Colores;0;157
Argentina;South America;30;ALMA DINAMITA;WOS;Tres Puntos Suspensivos;0;173
Argentina;South America;31;Ignorantes;Bad Bunny, Sech;YHLQMDLG;1;210
Argentina;South America;32;El Efecto - Remix;Rauw Alejandro, Chencho Corleone, KEVVO, Bryant Myers, Lyanno, Dalex;El Efecto (Remix);1;289
Argentina;South America;33;High;Maria Becerra;High;1;187
Argentina;South America;34;Ya No Más;Fer Palacio, DJ Alex, Santiago Saez;Ya No Más;0;158
Argentina;South America;35;death bed (coffee for your head) (feat. beabadoobee);Powfu, beabadoobee;death bed (coffee for your head) (feat. beabadoobee);0;173
Argentina;South America;36;Flasheaste Amor;Agapornis, Hernan y La Champion's Liga, Lauro;Flasheaste Amor;0;175
Argentina;South America;37;Como Llora;Juanfran;Como Llora;0;187
Argentina;South America;38;Si Me Dices Que Sí;Reik, Farruko, Camilo;Si Me Dices Que Sí;0;211
Argentina;South America;39;Tutu;Camilo, Pedro Capó;Por Primera Vez;0;179
Argentina;South America;40;Muévelo;Nicky Jam, Daddy Yankee;Muévelo;0;194
Argentina;South America;41;Dónde Estás;KHEA;Dónde Estás;0;153
Argentina;South America;42;Recuerdo;TINI, Mau y Ricky;Recuerdo;0;200
Argentina;South America;43;Bounce;Cazzu;Bonus Trap;0;133
Argentina;South America;44;La Cama - Remix;Lunay, Myke Towers, Ozuna, Chencho Corleone, Rauw Alejandro;La Cama (Remix);0;330
Argentina;South America;45;BYE ME FUI;Bad Bunny;LAS QUE NO IBAN A SALIR;1;178
Argentina;South America;46;La Pared 360;Lenny Tavárez, Justin Quiles;La Pared 360;1;154
Argentina;South America;47;Moon;Maria Becerra, DANI;Moon;0;202
Argentina;South America;48;Bellaquita - Remix;Dalex, Lenny Tavárez, Anitta, Natti Natasha, Farruko, Justin Quiles;Modo Avión;1;304
Argentina;South America;49;ALGO DEL VACÍO;WOS, Manu Oliva;Tres Puntos Suspensivos;0;213
Argentina;South America;50;Par-Tusa;El Dipy;Par-Tusa;1;190
Australia;Australia;1;ROCKSTAR (feat. Roddy Ricch);DaBaby, Roddy Ricch;BLAME IT ON BABY;1;181
Australia;Australia;2;Roses - Imanbek Remix;SAINt JHN, Imanbek;Roses (Imanbek Remix);1;176
Australia;Australia;3;Blinding Lights;The Weeknd;After Hours;0;200
Australia;Australia;4;Rain On Me (with Ariana Grande);Lady Gaga, Ariana Grande;Rain On Me (with Ariana Grande);0;182
Australia;Australia;5;Toosie Slide;Drake;Dark Lane Demo Tapes;1;247
Australia;Australia;6;Stuck with U (with Justin Bieber);Ariana Grande, Justin Bieber;Stuck with U;0;228
Australia;Australia;7;death bed (coffee for your head) (feat. beabadoobee);Powfu, beabadoobee;death bed (coffee for your head) (feat. beabadoobee);0;173
Australia;Australia;8;Supalonely;BENEE, Gus Dapperton;STELLA & STEVE;1;223
Australia;Australia;9;Break My Heart;Dua Lipa;Future Nostalgia;0;221
Australia;Australia;10;Don't Start Now;Dua Lipa;Future Nostalgia;0;183
Australia;Australia;11;THE SCOTTS;THE SCOTTS, Travis Scott, Kid Cudi;THE SCOTTS;1;165
Australia;Australia;12;Intentions (feat. Quavo);Justin Bieber, Quavo;Changes;0;212
Australia;Australia;13;ily (i love you baby) (feat. Emilee);Surf Mesa, Emilee;ily (i love you baby) (feat. Emilee);0;176
Australia;Australia;14;Sunday Best;Surfaces;Where the Light Is;0;158
Australia;Australia;15;Watermelon Sugar;Harry Styles;Fine Line;0;174
Australia;Australia;16;Blueberry Faygo;Lil Mosey;Certified Hitmaker;1;162
Australia;Australia;17;In Your Eyes;The Weeknd;After Hours;1;237
Australia;Australia;18;Be Kind (with Halsey);Marshmello, Halsey;Be Kind (with Halsey);0;172
Australia;Australia;19;Boss Bitch;Doja Cat;Boss Bitch;0;134
Australia;Australia;20;Pump It Up;Endor;Pump It Up;0;150
Australia;Australia;21;Savage Remix (feat. Beyoncé);Megan Thee Stallion, Beyoncé;Savage Remix (feat. Beyoncé);1;242
Australia;Australia;22;Breaking Me;Topic, A7S;Breaking Me;0;166
Australia;Australia;23;GOOBA;6ix9ine;GOOBA;1;132
Australia;Australia;24;WHATS POPPIN;Jack Harlow;Sweet Action;1;139
Australia;Australia;25;The Box;Roddy Ricch;Please Excuse Me For Being Antisocial;1;196
Australia;Australia;26;This City;Sam Fischer;This City;0;194
Australia;Australia;27;After Party;Don Toliver;Heaven Or Hell;1;167
Australia;Australia;28;Say So (feat. Nicki Minaj);Doja Cat, Nicki Minaj;Say So (feat. Nicki Minaj);1;206
Australia;Australia;29;Dance Monkey;Tones And I;Dance Monkey (Stripped Back) / Dance Monkey;0;209
Australia;Australia;30;Circles;Post Malone;Hollywood's Bleeding;0;215
Australia;Australia;31;Party Girl;StaySolidRocky;Party Girl;0;147
Australia;Australia;32;Someone You Loved;Lewis Capaldi;Divinely Uninspired To A Hellish Extent;0;182
Australia;Australia;33;If the World Was Ending - feat. Julia Michaels;JP Saxe, Julia Michaels;If the World Was Ending (feat. Julia Michaels);0;208
Australia;Australia;34;Rover (feat. DTG);S1mba, DTG;Rover (feat. DTG);1;167
Australia;Australia;35;Adore You;Harry Styles;Fine Line;0;207
Australia;Australia;36;Before You Go;Lewis Capaldi;Divinely Uninspired To A Hellish Extent (Extended Edition);0;215
Australia;Australia;37;Live In Life;The Rubens;Live In Life;0;216
Australia;Australia;38;Say So;Doja Cat;Hot Pink;1;237
Australia;Australia;39;Ride It;Regard;Ride It;0;157
Australia;Australia;40;Righteous;Juice WRLD;Righteous;1;243
Australia;Australia;41;You should be sad;Halsey;Manic;1;205
Australia;Australia;42;ROXANNE;Arizona Zervas;ROXANNE;1;163
Australia;Australia;43;Lose Control;MEDUZA, Becky Hill, Goodboys;Lose Control;0;168
Australia;Australia;44;Falling;Trevor Daniel;Nicotine;0;159
Australia;Australia;45;Bad Child;Tones And I;Bad Child/Can't Be Happy All The Time;1;221
Australia;Australia;46;Life Is Good (feat. Drake);Future, Drake;High Off Life;1;237
Australia;Australia;47;Memories;Maroon 5;Memories;0;189
Australia;Australia;48;Know Your Worth;Khalid, Disclosure;Know Your Worth;0;181
Australia;Australia;49;Lose Somebody;Kygo, OneRepublic;Lose Somebody;0;199
Australia;Australia;50;Go Crazy;Chris Brown, Young Thug;Slime & B;1;176
Austria;Europe;1;Roadrunner;Bonez MC;Roadrunner;0;149
Austria;Europe;2;Komm Komm;Capital Bra;Komm Komm;0;160
Austria;Europe;3;ROCKSTAR (feat. Roddy Ricch);DaBaby, Roddy Ricch;BLAME IT ON BABY;1;181
Austria;Europe;4;Roses - Imanbek Remix;SAINt JHN, Imanbek;Roses (Imanbek Remix);1;176
Austria;Europe;5;GOOBA;6ix9ine;GOOBA;1;132
Austria;Europe;6;Fame;Apache 207;Fame;0;173
Austria;Europe;7;Blinding Lights;The Weeknd;After Hours;0;200
Austria;Europe;8;Nicht verdient;Capital Bra, Loredana;Nicht verdient;0;176
Austria;Europe;9;ily (i love you baby) (feat. Emilee);Surf Mesa, Emilee;ily (i love you baby) (feat. Emilee);0;176
Austria;Europe;10;Toosie Slide;Drake;Dark Lane Demo Tapes;1;247
Austria;Europe;11;Breaking Me;Topic, A7S;Breaking Me;0;166
Austria;Europe;12;Roller;Apache 207;Platte;1;157
Austria;Europe;13;FAVELA;Dardan;FAVELA;1;159
Austria;Europe;14;Airwaves;Pashanim;Airwaves;0;178
Austria;Europe;15;Salt;Ava Max;Salt;0;180
Austria;Europe;16;Rain On Me (with Ariana Grande);Lady Gaga, Ariana Grande;Rain On Me (with Ariana Grande);0;182
Austria;Europe;17;Emotions;Ufo361;Rich Rich;0;146
Austria;Europe;18;THE SCOTTS;THE SCOTTS, Travis Scott, Kid Cudi;THE SCOTTS;1;165
Austria;Europe;19;Supalonely;BENEE, Gus Dapperton;STELLA & STEVE;1;223
Austria;Europe;20;Dance Monkey;Tones And I;Dance Monkey (Stripped Back) / Dance Monkey;0;209
Austria;Europe;21;In Your Eyes (feat. Alida);Robin Schulz, Alida;In Your Eyes (feat. Alida);0;208
Austria;Europe;22;death bed (coffee for your head) (feat. beabadoobee);Powfu, beabadoobee;death bed (coffee for your head) (feat. beabadoobee);0;173
Austria;Europe;23;GEHT NICH GIBS NICH;KC Rebell, Summer Cem;GEHT NICH GIBS NICH;0;180
Austria;Europe;24;Kings & Queens;Ava Max;Kings & Queens;0;162
Austria;Europe;25;Maison;Luciano;Maison;0;193
Austria;Europe;26;90-60-111;Shirin David;90-60-111;1;141
Austria;Europe;27;Fingertips;Tom Gregory;Fingertips;0;165
Austria;Europe;28;Don't Start Now;Dua Lipa;Future Nostalgia;0;183
Austria;Europe;29;Ich würd' lügen;KAYEF;Struggle Is Real;0;163
Austria;Europe;30;Shotz Fired;Bonez MC;Shotz Fired;1;179
Austria;Europe;31;Falling;Trevor Daniel;Nicotine;0;159
Austria;Europe;32;The Passenger (LaLaLa);LUM!X, MOKABY & D.T.E, Gabry Ponte;The Passenger (LaLaLa);0;159
Austria;Europe;33;Stuck with U (with Justin Bieber);Ariana Grande, Justin Bieber;Stuck with U;0;228
Austria;Europe;34;Late Night;Luciano;Late Night;0;200
Austria;Europe;35;Some Say - Felix Jaehn Remix;Nea, Felix Jaehn;Some Say (Felix Jaehn Remix);0;186
Austria;Europe;36;The Box;Roddy Ricch;Please Excuse Me For Being Antisocial;1;196
Austria;Europe;37;Blueberry Faygo;Lil Mosey;Certified Hitmaker;1;162
Austria;Europe;38;Lose Somebody;Kygo, OneRepublic;Lose Somebody;0;199
Austria;Europe;39;goosebumps;Travis Scott;Birds In The Trap Sing McKnight;1;243
Austria;Europe;40;HIGHEST IN THE ROOM;Travis Scott;HIGHEST IN THE ROOM;1;175
Austria;Europe;41;MAMACITA;Black Eyed Peas, Ozuna, J. Rey Soul;MAMACITA;1;249
Austria;Europe;42;WHATS POPPIN;Jack Harlow;Sweet Action;1;139
Austria;Europe;43;Close Your Eyes;Felix Jaehn, VIZE, Miss Li;Close Your Eyes;0;160
Austria;Europe;44;Boss Bitch;Doja Cat;Boss Bitch;0;134
Austria;Europe;45;Never Let Me Down;VIZE, Tom Gregory;Never Let Me Down;0;153
Austria;Europe;46;Like I Love You;Nico Santos, Topic;Nico Santos;0;203
Austria;Europe;47;Ride It;Regard;Ride It;0;157
Austria;Europe;48;bad guy;Billie Eilish;WHEN WE ALL FALL ASLEEP, WHERE DO WE GO?;0;194
Austria;Europe;49;Before You Go;Lewis Capaldi;Divinely Uninspired To A Hellish Extent (Extended Edition);0;215
Austria;Europe;50;SICKO MODE;Travis Scott;ASTROWORLD;1;312
Belgium;Europe;1;Blinding Lights;The Weeknd;After Hours;0;200
Belgium;Europe;2;ROCKSTAR (feat. Roddy Ricch);DaBaby, Roddy Ricch;BLAME IT ON BABY;1;181
Belgium;Europe;3;Roses - Imanbek Remix;SAINt JHN, Imanbek;Roses (Imanbek Remix);1;176
Belgium;Europe;4;Kom Wat Dichterbij - Uit Liefde Voor Muziek;Regi, Jake Reese, OT;Vergeet De Tijd;0;204
Belgium;Europe;5;Toosie Slide;Drake;Dark Lane Demo Tapes;1;247
Belgium;Europe;6;Breaking Me;Topic, A7S;Breaking Me;0;166
Belgium;Europe;7;ily (i love you baby) (feat. Emilee);Surf Mesa, Emilee;ily (i love you baby) (feat. Emilee);0;176
Belgium;Europe;8;GOOBA;6ix9ine;GOOBA;1;132
Belgium;Europe;9;Rain On Me (with Ariana Grande);Lady Gaga, Ariana Grande;Rain On Me (with Ariana Grande);0;182
Belgium;Europe;10;Dance Monkey;Tones And I;Dance Monkey (Stripped Back) / Dance Monkey;0;209
Belgium;Europe;11;death bed (coffee for your head) (feat. beabadoobee);Powfu, beabadoobee;death bed (coffee for your head) (feat. beabadoobee);0;173
Belgium;Europe;12;Supalonely;BENEE, Gus Dapperton;STELLA & STEVE;1;223
Belgium;Europe;13;Don't Start Now;Dua Lipa;Future Nostalgia;0;183
Belgium;Europe;14;THE SCOTTS;THE SCOTTS, Travis Scott, Kid Cudi;THE SCOTTS;1;165
Belgium;Europe;15;Sunday Best;Surfaces;Where the Light Is;0;158
Belgium;Europe;16;The Box;Roddy Ricch;Please Excuse Me For Being Antisocial;1;196
Belgium;Europe;17;Stuck with U (with Justin Bieber);Ariana Grande, Justin Bieber;Stuck with U;0;228
Belgium;Europe;18;Ride It;Regard;Ride It;0;157
Belgium;Europe;19;Falling;Trevor Daniel;Nicotine;0;159
Belgium;Europe;20;Never Seen The Rain;Tones And I;Never Seen The Rain (Alternate Version);0;200
Belgium;Europe;21;Before You Go;Lewis Capaldi;Divinely Uninspired To A Hellish Extent (Extended Edition);0;215
Belgium;Europe;22;In Your Eyes;The Weeknd;After Hours;1;237
Belgium;Europe;23;Break My Heart;Dua Lipa;Future Nostalgia;0;221
Belgium;Europe;24;In Your Eyes (feat. Alida);Robin Schulz, Alida;In Your Eyes (feat. Alida);0;208
Belgium;Europe;25;Physical;Dua Lipa;Future Nostalgia;0;193
Belgium;Europe;26;Say So;Doja Cat;Hot Pink;1;237
Belgium;Europe;27;Zo Ver Weg - Uit Liefde Voor Muziek;Regi, Jake Reese, OT;Vergeet De Tijd;0;245
Belgium;Europe;28;Blueberry Faygo;Lil Mosey;Certified Hitmaker;1;162
Belgium;Europe;29;If the World Was Ending - feat. Julia Michaels;JP Saxe, Julia Michaels;If the World Was Ending (feat. Julia Michaels);0;208
Belgium;Europe;30;Someone You Loved;Lewis Capaldi;Divinely Uninspired To A Hellish Extent;0;182
Belgium;Europe;31;goosebumps;Travis Scott;Birds In The Trap Sing McKnight;1;243
Belgium;Europe;32;Lose Control;MEDUZA, Becky Hill, Goodboys;Lose Control;0;168
Belgium;Europe;33;Intentions (feat. Quavo);Justin Bieber, Quavo;Changes;0;212
Belgium;Europe;34;ROXANNE;Arizona Zervas;ROXANNE;1;163
Belgium;Europe;35;MAMACITA;Black Eyed Peas, Ozuna, J. Rey Soul;MAMACITA;1;249
Belgium;Europe;36;Party Girl;StaySolidRocky;Party Girl;0;147
Belgium;Europe;37;Some Say;Nea;Some Say;0;175
Belgium;Europe;38;SICKO MODE;Travis Scott;ASTROWORLD;1;312
Belgium;Europe;39;Skechers;DripReport;Skechers;1;106
Belgium;Europe;40;Alone, Pt. II;Alan Walker, Ava Max;Alone, Pt. II;0;179
Belgium;Europe;41;everything i wanted;Billie Eilish;everything i wanted;0;245
Belgium;Europe;42;bad guy;Billie Eilish;WHEN WE ALL FALL ASLEEP, WHERE DO WE GO?;0;194
Belgium;Europe;43;Salt;Ava Max;Salt;0;180
Belgium;Europe;44;Tusa;KAROL G, Nicki Minaj;Tusa;0;200
Belgium;Europe;45;Adore You;Harry Styles;Fine Line;0;207
Belgium;Europe;46;Little Submarine - Live Uit Liefde Voor Muziek;The Starlings;Don't Look Back;0;201
Belgium;Europe;47;Savage;Megan Thee Stallion;Suga;1;155
Belgium;Europe;48;Be Kind (with Halsey);Marshmello, Halsey;Be Kind (with Halsey);0;172
Belgium;Europe;49;What A Man Gotta Do;Jonas Brothers;What A Man Gotta Do;0;180
Belgium;Europe;50;HIGHEST IN THE ROOM;Travis Scott;HIGHEST IN THE ROOM;1;175
Bolivia;South America;1;Rojo;J Balvin;Colores;0;150
Bolivia;South America;2;Favorito;Camilo;Por Primera Vez;0;209
Bolivia;South America;3;Blinding Lights;The Weeknd;After Hours;0;200
Bolivia;South America;4;Bajo La Mesa;Morat, Sebastian Yatra;Bajo La Mesa;0;157
Bolivia;South America;5;Yo Perreo Sola;Bad Bunny;YHLQMDLG;0;172
Bolivia;South America;6;Safaera;Bad Bunny, Jowell & Randy, Nengo Flow;YHLQMDLG;1;295
Bolivia;South America;7;Tattoo;Rauw Alejandro;Tattoo;0;202
Bolivia;South America;8;Elegí (feat. Dímelo Flow);Rauw Alejandro, Dalex, Lenny Tavárez, Dímelo Flow;Elegí (feat. Dímelo Flow);0;197
Bolivia;South America;9;Hola - Remix;Dalex, Lenny Tavárez, Chencho Corleone, Juhn, Dímelo Flow;Hola (Remix);0;249
Bolivia;South America;10;PORFA;Feid, Justin Quiles;FERXXO (VOL 1: M.O.R);0;232
Bolivia;South America;11;Relación;Sech;1 of 1;0;184
Bolivia;South America;12;Tusa;KAROL G, Nicki Minaj;Tusa;0;200
Bolivia;South America;13;Pa' Olvidarme De Ella;Piso 21, Christian Nodal;Pa' Olvidarme De Ella;1;227
Bolivia;South America;14;Sigues Con El;Dímelo Flow, Arcangel, Sech;Sigues Con El;0;226
Bolivia;South America;15;Locura;Cali Y El Dandee, Sebastian Yatra;Colegio;0;209
Bolivia;South America;16;Ignorantes;Bad Bunny, Sech;YHLQMDLG;1;210
Bolivia;South America;17;Diosa;Myke Towers;Easy Money Baby;1;214
Bolivia;South America;18;Morado;J Balvin;Colores;0;200
Bolivia;South America;19;Jangueo;Alex Rose, Rafa Pabön;LOST;0;259
Bolivia;South America;20;BYE ME FUI;Bad Bunny;LAS QUE NO IBAN A SALIR;1;178
Bolivia;South America;21;Amarillo;J Balvin;Colores;0;157
Bolivia;South America;22;Por Primera Vez;Camilo, Evaluna Montaner;Por Primera Vez;0;182
Bolivia;South America;23;Tak Tiki Tak;Harry Nach;Tak Tiki Tak;1;212
Bolivia;South America;24;Azul;J Balvin;Colores;0;205
Bolivia;South America;25;Fantasias;Rauw Alejandro, Farruko;Fantasias;0;199
Bolivia;South America;26;Dance Monkey;Tones And I;Dance Monkey (Stripped Back) / Dance Monkey;0;209
Bolivia;South America;27;Don't Start Now;Dua Lipa;Future Nostalgia;0;183
Bolivia;South America;28;death bed (coffee for your head) (feat. beabadoobee);Powfu, beabadoobee;death bed (coffee for your head) (feat. beabadoobee);0;173
Bolivia;South America;29;Si Veo a Tu Mamá;Bad Bunny;YHLQMDLG;0;170
Bolivia;South America;30;Tutu;Camilo, Pedro Capó;Por Primera Vez;0;179
Bolivia;South America;31;La Difícil;Bad Bunny;YHLQMDLG;1;163
Bolivia;South America;32;LA CANCIÓN;J Balvin, Bad Bunny;OASIS;0;242
Bolivia;South America;33;El Efecto;Rauw Alejandro, Chencho Corleone;El Efecto;0;217
Bolivia;South America;34;Quiéreme Mientras Se Pueda;Manuel Turizo;Quiéreme Mientras Se Pueda;0;191
Bolivia;South America;35;Si Me Dices Que Sí;Reik, Farruko, Camilo;Si Me Dices Que Sí;0;211
Bolivia;South America;36;Sigues Con El - Remix;Arcangel, Sech, Romeo Santos;Sigues Con El (Remix);0;189
Bolivia;South America;37;Djadja;Aya Nakamura;NAKAMURA;0;171
Bolivia;South America;38;La Difícil;Camilo;Por Primera Vez;0;158
Bolivia;South America;39;No Me Conoce - Remix;Jhay Cortez, J Balvin, Bad Bunny;Famouz;0;309
Bolivia;South America;40;La Mitad;Camilo, Christian Nodal;Por Primera Vez;0;177
Bolivia;South America;41;Vete;Bad Bunny;YHLQMDLG;1;192
Bolivia;South America;42;ADMV;Maluma;ADMV;0;193
Bolivia;South America;43;Roses - Imanbek Remix;SAINt JHN, Imanbek;Roses (Imanbek Remix);1;176
Bolivia;South America;44;CANCIÓN CON YANDEL;Yandel, Bad Bunny;LAS QUE NO IBAN A SALIR;1;209
Bolivia;South America;45;El Efecto - Remix;Rauw Alejandro, Chencho Corleone, KEVVO, Bryant Myers, Lyanno, Dalex;El Efecto (Remix);1;289
Bolivia;South America;46;Detente;Mike Bahía, Danny Ocean;Navegando;0;181
Bolivia;South America;47;Desconocidos;Mau y Ricky, Manuel Turizo, Camilo;Para Aventuras y Curiosidades;1;204
Bolivia;South America;48;China;Anuel AA, Daddy Yankee, KAROL G, J Balvin, Ozuna;China;0;301
Bolivia;South America;49;Rain On Me (with Ariana Grande);Lady Gaga, Ariana Grande;Rain On Me (with Ariana Grande);0;182
Bolivia;South America;50;Bellaquita - Remix;Dalex, Lenny Tavárez, Anitta, Natti Natasha, Farruko, Justin Quiles;Modo Avión;1;304
Brazil;South America;1;A Gente Fez Amor - Ao Vivo;Gusttavo Lima;O Embaixador in Cariri (Ao Vivo);0;237
Brazil;South America;2;Saudade Sua;Gusttavo Lima;Saudade Sua;0;210
Brazil;South America;3;Rain On Me (with Ariana Grande);Lady Gaga, Ariana Grande;Rain On Me (with Ariana Grande);0;182
Brazil;South America;4;Liberdade Provisória - Ao Vivo;Henrique & Juliano;Ao Vivo no Ibirapuera, Vol. 1;0;187
Brazil;South America;5;BRABA;Luísa Sonza;BRABA;0;129
Brazil;South America;6;Tudo no Sigilo;Vytinho NG, MC Bianca;Tudo no Sigilo;1;156
Brazil;South America;7;água com açúcar - ao vivo;Luan Santana;VIVA (Ao Vivo);0;249
Brazil;South America;8;Ranking;Jorge & Mateus;T. E. P., EP 1;0;166
Brazil;South America;9;Graveto - Ao Vivo;Marília Mendonça;Graveto (Ao Vivo);0;170
Brazil;South America;10;Litrão - Ao Vivo;Matheus & Kauan;10 Anos Na Praia (Ao Vivo / Vol. 1);0;170
Brazil;South America;11;Volta por Baixo - Ao Vivo;Henrique & Juliano;Ao Vivo no Ibirapuera, Vol. 1;0;192
Brazil;South America;12;S de Saudade;Luíza & Maurílio, Zé Neto & Cristiano;S de Saudade;0;174
Brazil;South America;13;Na Raba Toma Tapão;Niack;Na Raba Toma Tapão;0;165
Brazil;South America;14;Te Prometo;Dennis DJ, Mc Don Juan;Te Prometo;0;161
Brazil;South America;15;Don't Start Now;Dua Lipa;Future Nostalgia;0;183
Brazil;South America;16;Tudo Aconteceu;MC Du Black, Delacruz;Tudo Aconteceu;1;155
Brazil;South America;17;Barzinho Aleatório - Ao Vivo;Zé Neto & Cristiano;Por Mais Beijos Ao Vivo, Ep1 - Ao Vivo;0;158
Brazil;South America;18;Slow Down (feat. Jorja Smith) - Vintage Culture & Slow Motion Remix;Maverick Sabre, Jorja Smith, Vintage Culture, Slow Motion;Slow Down (feat. Jorja Smith) [Vintage Culture & Slow Motion Remix];0;181
Brazil;South America;19;Mentira - Ao Vivo;Felipe Araújo;Felipe Araújo In Brasília (Ao Vivo / Vol.1);0;193
Brazil;South America;20;Roses - Imanbek Remix;SAINt JHN, Imanbek;Roses (Imanbek Remix);1;176
Brazil;South America;21;Despedida - Ao Vivo;Wesley Safadão, Zé Neto & Cristiano;Garota Vip Rio de Janeiro (Deluxe) (ao Vivo);0;202
Brazil;South America;22;Com ou Sem Mim - Ao Vivo;Gustavo Mioto;Ao Vivo em Fortaleza, Pt. 1;0;201
Brazil;South America;23;Cheirosa - Ao Vivo;Jorge & Mateus;Cheirosa (Ao Vivo);0;181
Brazil;South America;24;Supera - Ao Vivo;Marília Mendonça;Todos Os Cantos, Vol. 3 (ao Vivo);0;147
Brazil;South America;25;SENTADÃO;Pedro Sampaio, Felipe Original, JS o Mão de Ouro;SENTADÃO;0;143
Brazil;South America;26;Aí Eu Bebo - Ao Vivo;Maiara & Maraisa;Aqui Em Casa (ao Vivo);0;173
Brazil;South America;27;Bebi Minha Bicicleta (Coração Falido) - Ao Vivo;Zé Neto & Cristiano;Por Mais Beijos Ao Vivo, Ep1 - Ao Vivo;0;181
Brazil;South America;28;death bed (coffee for your head) (feat. beabadoobee);Powfu, beabadoobee;death bed (coffee for your head) (feat. beabadoobee);0;173
Brazil;South America;29;3 Batidas - Ao Vivo;Guilherme & Benuto;3 Batidas (Ao Vivo);0;157
Brazil;South America;30;Briga Feia - Ao Vivo;Henrique & Juliano;Ao Vivo no Ibirapuera, Vol. 1;0;194
Brazil;South America;31;Vira Homem;Marília Mendonça;Vira Homem;0;196
Brazil;South America;32;Áudio - Ao Vivo em Brasília;Diego & Victor Hugo;Diego & Victor Hugo Ao Vivo em Brasília - EP1;0;190
Brazil;South America;33;Dance Monkey;Tones And I;Dance Monkey (Stripped Back) / Dance Monkey;0;209
Brazil;South America;34;Blinding Lights;The Weeknd;After Hours;0;200
Brazil;South America;35;Balança (feat. Pedro Sampaio e FP do Trem Bala);WC no Beat, Pedro Sampaio, FP do Trem Bala;Balança (feat. Pedro Sampaio e FP do Trem Bala);0;126
Brazil;South America;36;menina solta;Giulia Be;menina solta;0;150
Brazil;South America;37;Relógio Parado (Ao Vivo);Diego & Arnaldo;Relógio Parado (Ao Vivo);0;180
Brazil;South America;38;Vem Me Satisfazer;MC Ingryd, DJ Henrique da VK;Vem Me Satisfazer;0;188
Brazil;South America;39;Segunda Taça;João Bosco & Vinicius, Matheus;Segunda Taça;0;180
Brazil;South America;40;Quem Traiu Levou - Ao Vivo;Gusttavo Lima;O Embaixador in Cariri (Ao Vivo);0;154
Brazil;South America;41;boa memória - ao vivo;Luan Santana;VIVA (Ao Vivo);0;214
Brazil;South America;42;Amor de Fim de Noite;Orochi, Papatinho;Celebridade;1;221
Brazil;South America;43;Viva Voz - Ao Vivo;Lauana Prado;Livre (Ao Vivo / Vol.1);0;164
Brazil;South America;44;Break My Heart;Dua Lipa;Future Nostalgia;0;221
Brazil;South America;45;Tijolão - Ao Vivo;Jorge & Mateus;Tijolão (ao Vivo);0;175
Brazil;South America;46;Toosie Slide;Drake;Dark Lane Demo Tapes;1;247
Brazil;South America;47;Não Vai Embora;Dilsinho, Luísa Sonza, Malibu;Não Vai Embora;0;205
Brazil;South America;48;Tudo Ok;Thiaguinho MT, Mila, JS o Mão de Ouro;Tudo Ok;0;178
Brazil;South America;49;Pipa Voada (feat. Emicida);Rashid, Lukinhas, Emicida;Tão Real;0;185
Brazil;South America;50;Então Toma - Ao Vivo;Matheus & Kauan;Então Toma (Ao Vivo);0;161
Bulgaria;Europe;1;GOOBA;6ix9ine;GOOBA;1;132
Bulgaria;Europe;2;Rain On Me (with Ariana Grande);Lady Gaga, Ariana Grande;Rain On Me (with Ariana Grande);0;182
Bulgaria;Europe;3;THE SCOTTS;THE SCOTTS, Travis Scott, Kid Cudi;THE SCOTTS;1;165
Bulgaria;Europe;4;100 zhivota;Galena;100 zhivota;0;253
Bulgaria;Europe;5;Roses - Imanbek Remix;SAINt JHN, Imanbek;Roses (Imanbek Remix);1;176
Bulgaria;Europe;6;Blinding Lights;The Weeknd;After Hours;0;200
Bulgaria;Europe;7;???????;Boro Purvi, Tita;???????;1;146
Bulgaria;Europe;8;Toosie Slide;Drake;Dark Lane Demo Tapes;1;247
Bulgaria;Europe;9;ROCKSTAR (feat. Roddy Ricch);DaBaby, Roddy Ricch;BLAME IT ON BABY;1;181
Bulgaria;Europe;10;The Box;Roddy Ricch;Please Excuse Me For Being Antisocial;1;196
Bulgaria;Europe;11;Daechwita;Agust D;D-2;1;225
Bulgaria;Europe;12;HIGHEST IN THE ROOM;Travis Scott;HIGHEST IN THE ROOM;1;175
Bulgaria;Europe;13;SICKO MODE;Travis Scott;ASTROWORLD;1;312
Bulgaria;Europe;14;Life Is Good (feat. Drake);Future, Drake;High Off Life;1;237
Bulgaria;Europe;15;goosebumps;Travis Scott;Birds In The Trap Sing McKnight;1;243
Bulgaria;Europe;16;Blueberry Faygo;Lil Mosey;Certified Hitmaker;1;162
Bulgaria;Europe;17;Don't Start Now;Dua Lipa;Future Nostalgia;0;183
Bulgaria;Europe;18;Break My Heart;Dua Lipa;Future Nostalgia;0;221
Bulgaria;Europe;19;Breaking Me;Topic, A7S;Breaking Me;0;166
Bulgaria;Europe;20;In Your Eyes;The Weeknd;After Hours;1;237
Bulgaria;Europe;21;WHATS POPPIN;Jack Harlow;Sweet Action;1;139
Bulgaria;Europe;22;Stuck with U (with Justin Bieber);Ariana Grande, Justin Bieber;Stuck with U;0;228
Bulgaria;Europe;23;Falling;Trevor Daniel;Nicotine;0;159
Bulgaria;Europe;24;Godzilla (feat. Juice WRLD);Eminem, Juice WRLD;Music To Be Murdered By;1;210
Bulgaria;Europe;25;After Party;Don Toliver;Heaven Or Hell;1;167
Bulgaria;Europe;26;Dance Monkey;Tones And I;Dance Monkey (Stripped Back) / Dance Monkey;0;209
Bulgaria;Europe;27;Watermelon Sugar;Harry Styles;Fine Line;0;174
Bulgaria;Europe;28;ily (i love you baby) (feat. Emilee);Surf Mesa, Emilee;ily (i love you baby) (feat. Emilee);0;176
Bulgaria;Europe;29;Boss Bitch;Doja Cat;Boss Bitch;0;134
Bulgaria;Europe;30;Physical;Dua Lipa;Future Nostalgia;0;193
Bulgaria;Europe;31;OUT WEST (feat. Young Thug);JACKBOYS, Travis Scott, Young Thug;JACKBOYS;1;157
Bulgaria;Europe;32;Savage Remix (feat. Beyoncé);Megan Thee Stallion, Beyoncé;Savage Remix (feat. Beyoncé);1;242
Bulgaria;Europe;33;Savage;Megan Thee Stallion;Suga;1;155
Bulgaria;Europe;34;death bed (coffee for your head) (feat. beabadoobee);Powfu, beabadoobee;death bed (coffee for your head) (feat. beabadoobee);0;173
Bulgaria;Europe;35;Say So;Doja Cat;Hot Pink;1;237
Bulgaria;Europe;36;bad guy;Billie Eilish;WHEN WE ALL FALL ASLEEP, WHERE DO WE GO?;0;194
Bulgaria;Europe;37;ROXANNE;Arizona Zervas;ROXANNE;1;163
Bulgaria;Europe;38;Party Girl;StaySolidRocky;Party Girl;0;147
Bulgaria;Europe;39;Supalonely;BENEE, Gus Dapperton;STELLA & STEVE;1;223
Bulgaria;Europe;40;What do you think?;Agust D;D-2;1;182
Bulgaria;Europe;41;Say So (feat. Nicki Minaj);Doja Cat, Nicki Minaj;Say So (feat. Nicki Minaj);1;206
Bulgaria;Europe;42;Burn It;Agust D, MAX;D-2;0;192
Bulgaria;Europe;43;KISLOROD;V:RGO;ENERGY EP;1;187
Bulgaria;Europe;44;Piyan;Preslava;Da gori v lyubov;0;227
Bulgaria;Europe;45;everything i wanted;Billie Eilish;everything i wanted;0;245
Bulgaria;Europe;46;Señorita;Shawn Mendes, Camila Cabello;Shawn Mendes (Deluxe);0;190
Bulgaria;Europe;47;Adore You;Harry Styles;Fine Line;0;207
Bulgaria;Europe;48;Don Omar;EMIL TRF;Don Omar;0;177
Bulgaria;Europe;49;Strange;Agust D, RM;D-2;0;196
Bulgaria;Europe;50;Lamborghini;Galena, Fiki;Lamborghini;0;209
Canada;North America;1;ROCKSTAR (feat. Roddy Ricch);DaBaby, Roddy Ricch;BLAME IT ON BABY;1;181
Canada;North America;2;Rain On Me (with Ariana Grande);Lady Gaga, Ariana Grande;Rain On Me (with Ariana Grande);0;182
Canada;North America;3;Roses - Imanbek Remix;SAINt JHN, Imanbek;Roses (Imanbek Remix);1;176
Canada;North America;4;Blinding Lights;The Weeknd;After Hours;0;200
Canada;North America;5;THE SCOTTS;THE SCOTTS, Travis Scott, Kid Cudi;THE SCOTTS;1;165
Canada;North America;6;Toosie Slide;Drake;Dark Lane Demo Tapes;1;247
Canada;North America;7;Blueberry Faygo;Lil Mosey;Certified Hitmaker;1;162
Canada;North America;8;Stuck with U (with Justin Bieber);Ariana Grande, Justin Bieber;Stuck with U;0;228
Canada;North America;9;death bed (coffee for your head) (feat. beabadoobee);Powfu, beabadoobee;death bed (coffee for your head) (feat. beabadoobee);0;173
Canada;North America;10;The Box;Roddy Ricch;Please Excuse Me For Being Antisocial;1;196
Canada;North America;11;Dance Monkey;Tones And I;Dance Monkey (Stripped Back) / Dance Monkey;0;209
Canada;North America;12;GOOBA;6ix9ine;GOOBA;1;132
Canada;North America;13;Don't Start Now;Dua Lipa;Future Nostalgia;0;183
Canada;North America;14;Intentions (feat. Quavo);Justin Bieber, Quavo;Changes;0;212
Canada;North America;15;Party Girl;StaySolidRocky;Party Girl;0;147
Canada;North America;16;Sunday Best;Surfaces;Where the Light Is;0;158
Canada;North America;17;ily (i love you baby) (feat. Emilee);Surf Mesa, Emilee;ily (i love you baby) (feat. Emilee);0;176
Canada;North America;18;WHATS POPPIN;Jack Harlow;Sweet Action;1;139
Canada;North America;19;Be Kind (with Halsey);Marshmello, Halsey;Be Kind (with Halsey);0;172
Canada;North America;20;Savage Remix (feat. Beyoncé);Megan Thee Stallion, Beyoncé;Savage Remix (feat. Beyoncé);1;242
Canada;North America;21;Say So (feat. Nicki Minaj);Doja Cat, Nicki Minaj;Say So (feat. Nicki Minaj);1;206
Canada;North America;22;Circles;Post Malone;Hollywood's Bleeding;0;215
Canada;North America;23;After Party;Don Toliver;Heaven Or Hell;1;167
Canada;North America;24;Break My Heart;Dua Lipa;Future Nostalgia;0;221
Canada;North America;25;In Your Eyes;The Weeknd;After Hours;1;237
Canada;North America;26;Life Is Good (feat. Drake);Future, Drake;High Off Life;1;237
Canada;North America;27;Supalonely;BENEE, Gus Dapperton;STELLA & STEVE;1;223
Canada;North America;28;Watermelon Sugar;Harry Styles;Fine Line;0;174
Canada;North America;29;ROXANNE;Arizona Zervas;ROXANNE;1;163
Canada;North America;30;Someone You Loved;Lewis Capaldi;Divinely Uninspired To A Hellish Extent;0;182
Canada;North America;31;Righteous;Juice WRLD;Righteous;1;243
Canada;North America;32;Falling;Trevor Daniel;Nicotine;0;159
Canada;North America;33;Walk Em Down (feat. Roddy Ricch);NLE Choppa, Roddy Ricch;Walk Em Down (feat. Roddy Ricch);1;173
Canada;North America;34;COOLER THAN A BITCH (feat. Roddy Ricch);Gunna, Roddy Ricch;WUNNA;1;197
Canada;North America;35;Chicago Freestyle (feat. Giveon);Drake, Giveon;Dark Lane Demo Tapes;1;220
Canada;North America;36;If the World Was Ending - feat. Julia Michaels;JP Saxe, Julia Michaels;If the World Was Ending (feat. Julia Michaels);0;208
Canada;North America;37;DOLLAZ ON MY HEAD (feat. Young Thug);Gunna, Young Thug;WUNNA;1;197
Canada;North America;38;Lose Somebody;Kygo, OneRepublic;Lose Somebody;0;199
Canada;North America;39;Breaking Me;Topic, A7S;Breaking Me;0;166
Canada;North America;40;Before You Go;Lewis Capaldi;Divinely Uninspired To A Hellish Extent (Extended Edition);0;215
Canada;North America;41;Say So;Doja Cat;Hot Pink;1;237
Canada;North America;42;Adore You;Harry Styles;Fine Line;0;207
Canada;North America;43;Sunflower - Spider-Man: Into the Spider-Verse;Post Malone, Swae Lee;Hollywood's Bleeding;0;157
Canada;North America;44;goosebumps;Travis Scott;Birds In The Trap Sing McKnight;1;243
Canada;North America;45;Boss Bitch;Doja Cat;Boss Bitch;0;134
Canada;North America;46;HIGHEST IN THE ROOM;Travis Scott;HIGHEST IN THE ROOM;1;175
Canada;North America;47;Play Date;Melanie Martinez;Cry Baby (Deluxe Edition);1;179
Canada;North America;48;Memories;Maroon 5;Memories;0;189
Canada;North America;49;WUNNA;Gunna;WUNNA;1;158
Canada;North America;50;SICKO MODE;Travis Scott;ASTROWORLD;1;312
Chile;South America;1;CÓMO SE SIENTE - Remix;Jhay Cortez, Bad Bunny;CÓMO SE SIENTE (Remix);1;227
Chile;South America;2;Safaera;Bad Bunny, Jowell & Randy, Nengo Flow;YHLQMDLG;1;295
Chile;South America;3;Yo Perreo Sola;Bad Bunny;YHLQMDLG;0;172
Chile;South America;4;Elegí (feat. Dímelo Flow);Rauw Alejandro, Dalex, Lenny Tavárez, Dímelo Flow;Elegí (feat. Dímelo Flow);0;197
Chile;South America;5;PORFA;Feid, Justin Quiles;FERXXO (VOL 1: M.O.R);0;232
Chile;South America;6;La Jeepeta - Remix;Nio Garcia, Anuel AA, Myke Towers, Brray, Juanka;La Jeepeta (Remix);1;345
Chile;South America;7;MÁS DE UNA CITA;Bad Bunny, Zion & Lennox;LAS QUE NO IBAN A SALIR;1;183
Chile;South America;8;BYE ME FUI;Bad Bunny;LAS QUE NO IBAN A SALIR;1;178
Chile;South America;9;La Difícil;Bad Bunny;YHLQMDLG;1;163
Chile;South America;10;BAD CON NICKY;Bad Bunny, Nicky Jam;LAS QUE NO IBAN A SALIR;1;202
Chile;South America;11;Rojo;J Balvin;Colores;0;150
Chile;South America;12;Ignorantes;Bad Bunny, Sech;YHLQMDLG;1;210
Chile;South America;13;Favorito;Camilo;Por Primera Vez;0;209
Chile;South America;14;El Efecto - Remix;Rauw Alejandro, Chencho Corleone, KEVVO, Bryant Myers, Lyanno, Dalex;El Efecto (Remix);1;289
Chile;South America;15;CANCIÓN CON YANDEL;Yandel, Bad Bunny;LAS QUE NO IBAN A SALIR;1;209
Chile;South America;16;Diosa;Myke Towers;Easy Money Baby;1;214
Chile;South America;17;Relación;Sech;1 of 1;0;184
Chile;South America;18;Tattoo;Rauw Alejandro;Tattoo;0;202
Chile;South America;19;La Santa;Bad Bunny, Daddy Yankee;YHLQMDLG;1;206
Chile;South America;20;Sigues Con El;Dímelo Flow, Arcangel, Sech;Sigues Con El;0;226
Chile;South America;21;Hola - Remix;Dalex, Lenny Tavárez, Chencho Corleone, Juhn, Dímelo Flow;Hola (Remix);0;249
Chile;South America;22;Jangueo;Alex Rose, Rafa Pabön;LOST;0;259
Chile;South America;23;Blinding Lights;The Weeknd;After Hours;0;200
Chile;South America;24;PA' ROMPERLA;Bad Bunny, Don Omar;LAS QUE NO IBAN A SALIR;1;194
Chile;South America;25;Tusa;KAROL G, Nicki Minaj;Tusa;0;200
Chile;South America;26;A Tu Merced;Bad Bunny;YHLQMDLG;0;175
Chile;South America;27;Tak Tiki Tak;Harry Nach;Tak Tiki Tak;1;212
Chile;South America;28;La Cama - Remix;Lunay, Myke Towers, Ozuna, Chencho Corleone, Rauw Alejandro;La Cama (Remix);0;330
Chile;South America;29;Si Veo a Tu Mamá;Bad Bunny;YHLQMDLG;0;170
Chile;South America;30;Confía;Sech, Daddy Yankee;1 of 1;0;202
Chile;South America;31;Rain On Me (with Ariana Grande);Lady Gaga, Ariana Grande;Rain On Me (with Ariana Grande);0;182
Chile;South America;32;Vete;Bad Bunny;YHLQMDLG;1;192
Chile;South America;33;Locura;Cali Y El Dandee, Sebastian Yatra;Colegio;0;209
Chile;South America;34;Dance Monkey;Tones And I;Dance Monkey (Stripped Back) / Dance Monkey;0;209
Chile;South America;35;Morado;J Balvin;Colores;0;200
Chile;South America;36;Keii;Anuel AA;Keii;0;210
Chile;South America;37;Girl;Myke Towers;Easy Money Baby;1;186
Chile;South America;38;Bellaquita - Remix;Dalex, Lenny Tavárez, Anitta, Natti Natasha, Farruko, Justin Quiles;Modo Avión;1;304
Chile;South America;39;Sigues Con El - Remix;Arcangel, Sech, Romeo Santos;Sigues Con El (Remix);0;189
Chile;South America;40;BENDICIONES;Bad Bunny;LAS QUE NO IBAN A SALIR;0;155
Chile;South America;41;Goteo;Paloma Mami;Goteo;0;159
Chile;South America;42;Sola & Vacía;Casper Magico, Anuel AA;Sola & Vacía;1;182
Chile;South America;43;Fantasias;Rauw Alejandro, Farruko;Fantasias;0;199
Chile;South America;44;Amarillo;J Balvin;Colores;0;157
Chile;South America;45;Don't Start Now;Dua Lipa;Future Nostalgia;0;183
Chile;South America;46;Fantasias - Remix;Rauw Alejandro, Anuel AA, Natti Natasha, Farruko, Lunay;Fantasias (Remix) [feat. Farruko & Lunay];0;267
Chile;South America;47;No Me Conoce - Remix;Jhay Cortez, J Balvin, Bad Bunny;Famouz;0;309
Chile;South America;48;Adicto (with Anuel AA & Ozuna);Tainy, Anuel AA, Ozuna;Adicto (with Anuel AA & Ozuna);0;270
Chile;South America;49;death bed (coffee for your head) (feat. beabadoobee);Powfu, beabadoobee;death bed (coffee for your head) (feat. beabadoobee);0;173
Chile;South America;50;Definitivamente;Daddy Yankee, Sech;Definitivamente;0;217
Colombia;South America;1;Rojo;J Balvin;Colores;0;150
Colombia;South America;2;PORFA;Feid, Justin Quiles;FERXXO (VOL 1: M.O.R);0;232
Colombia;South America;3;Safaera;Bad Bunny, Jowell & Randy, Nengo Flow;YHLQMDLG;1;295
Colombia;South America;4;Amarillo;J Balvin;Colores;0;157
Colombia;South America;5;Yo Perreo Sola;Bad Bunny;YHLQMDLG;0;172
Colombia;South America;6;Favorito;Camilo;Por Primera Vez;0;209
Colombia;South America;7;Tattoo;Rauw Alejandro;Tattoo;0;202
Colombia;South America;8;Morado;J Balvin;Colores;0;200
Colombia;South America;9;Elegí (feat. Dímelo Flow);Rauw Alejandro, Dalex, Lenny Tavárez, Dímelo Flow;Elegí (feat. Dímelo Flow);0;197
Colombia;South America;10;Azul;J Balvin;Colores;0;205
Colombia;South America;11;Bajo La Mesa;Morat, Sebastian Yatra;Bajo La Mesa;0;157
Colombia;South America;12;Tusa;KAROL G, Nicki Minaj;Tusa;0;200
Colombia;South America;13;Hola - Remix;Dalex, Lenny Tavárez, Chencho Corleone, Juhn, Dímelo Flow;Hola (Remix);0;249
Colombia;South America;14;Sigues Con El;Dímelo Flow, Arcangel, Sech;Sigues Con El;0;226
Colombia;South America;15;Relación;Sech;1 of 1;0;184
Colombia;South America;16;Blinding Lights;The Weeknd;After Hours;0;200
Colombia;South America;17;Ignorantes;Bad Bunny, Sech;YHLQMDLG;1;210
Colombia;South America;18;Rain On Me (with Ariana Grande);Lady Gaga, Ariana Grande;Rain On Me (with Ariana Grande);0;182
Colombia;South America;19;Los Besos;Greeicy;Los Besos;0;202
Colombia;South America;20;Diosa;Myke Towers;Easy Money Baby;1;214
Colombia;South America;21;Blanco;J Balvin;Colores;0;145
Colombia;South America;22;Si Veo a Tu Mamá;Bad Bunny;YHLQMDLG;0;170
Colombia;South America;23;Fantasias;Rauw Alejandro, Farruko;Fantasias;0;199
Colombia;South America;24;Dance Monkey;Tones And I;Dance Monkey (Stripped Back) / Dance Monkey;0;209
Colombia;South America;25;Negro;J Balvin;Colores;0;182
Colombia;South America;26;BYE ME FUI;Bad Bunny;LAS QUE NO IBAN A SALIR;1;178
Colombia;South America;27;La Difícil;Bad Bunny;YHLQMDLG;1;163
Colombia;South America;28;Locura;Cali Y El Dandee, Sebastian Yatra;Colegio;0;209
Colombia;South America;29;CÓMO SE SIENTE - Remix;Jhay Cortez, Bad Bunny;CÓMO SE SIENTE (Remix);1;227
Colombia;South America;30;Quiéreme Mientras Se Pueda;Manuel Turizo;Quiéreme Mientras Se Pueda;0;191
Colombia;South America;31;LA CANCIÓN;J Balvin, Bad Bunny;OASIS;0;242
Colombia;South America;32;No Me Conoce - Remix;Jhay Cortez, J Balvin, Bad Bunny;Famouz;0;309
Colombia;South America;33;Don't Start Now;Dua Lipa;Future Nostalgia;0;183
Colombia;South America;34;PA' ROMPERLA;Bad Bunny, Don Omar;LAS QUE NO IBAN A SALIR;1;194
Colombia;South America;35;BORRAXXA;Feid, Manuel Turizo;FERXXO (VOL 1: M.O.R);0;223
Colombia;South America;36;ADMV;Maluma;ADMV;0;193
Colombia;South America;37;Gris;J Balvin;Colores;0;176
Colombia;South America;38;MÁS DE UNA CITA;Bad Bunny, Zion & Lennox;LAS QUE NO IBAN A SALIR;1;183
Colombia;South America;39;Por Primera Vez;Camilo, Evaluna Montaner;Por Primera Vez;0;182
Colombia;South America;40;Vete;Bad Bunny;YHLQMDLG;1;192
Colombia;South America;41;Bellaquita - Remix;Dalex, Lenny Tavárez, Anitta, Natti Natasha, Farruko, Justin Quiles;Modo Avión;1;304
Colombia;South America;42;Loco - Remix;Farruko, Beéle, Natti Natasha, Manuel Turizo;Loco (Remix);0;248
Colombia;South America;43;Tutu;Camilo, Pedro Capó;Por Primera Vez;0;179
Colombia;South America;44;Quizas;Rich Music LTD, Sech, Dalex, Justin Quiles, Lenny Tavárez, Feid, Wisin, Zion;The Academy;1;216
Colombia;South America;45;RITMO (Bad Boys For Life);Black Eyed Peas, J Balvin;RITMO (Bad Boys For Life);1;221
Colombia;South America;46;CANCIÓN CON YANDEL;Yandel, Bad Bunny;LAS QUE NO IBAN A SALIR;1;209
Colombia;South America;47;Callaita;Bad Bunny, Tainy;Callaita;1;250
Colombia;South America;48;death bed (coffee for your head) (feat. beabadoobee);Powfu, beabadoobee;death bed (coffee for your head) (feat. beabadoobee);0;173
Colombia;South America;49;Confía;Sech, Daddy Yankee;1 of 1;0;202
Colombia;South America;50;BAD CON NICKY;Bad Bunny, Nicky Jam;LAS QUE NO IBAN A SALIR;1;202
Costa Rica;North America;1;Rojo;J Balvin;Colores;0;150
Costa Rica;North America;2;Safaera;Bad Bunny, Jowell & Randy, Nengo Flow;YHLQMDLG;1;295
Costa Rica;North America;3;Yo Perreo Sola;Bad Bunny;YHLQMDLG;0;172
Costa Rica;North America;4;Favorito;Camilo;Por Primera Vez;0;209
Costa Rica;North America;5;Tattoo;Rauw Alejandro;Tattoo;0;202
Costa Rica;North America;6;Rain On Me (with Ariana Grande);Lady Gaga, Ariana Grande;Rain On Me (with Ariana Grande);0;182
Costa Rica;North America;7;Djadja;Aya Nakamura;NAKAMURA;0;171
Costa Rica;North America;8;Blinding Lights;The Weeknd;After Hours;0;200
Costa Rica;North America;9;Tusa;KAROL G, Nicki Minaj;Tusa;0;200
Costa Rica;North America;10;Amarillo;J Balvin;Colores;0;157
Costa Rica;North America;11;Fantasias;Rauw Alejandro, Farruko;Fantasias;0;199
Costa Rica;North America;12;Hola - Remix;Dalex, Lenny Tavárez, Chencho Corleone, Juhn, Dímelo Flow;Hola (Remix);0;249
Costa Rica;North America;13;Diosa;Myke Towers;Easy Money Baby;1;214
Costa Rica;North America;14;Sigues Con El;Dímelo Flow, Arcangel, Sech;Sigues Con El;0;226
Costa Rica;North America;15;Elegí (feat. Dímelo Flow);Rauw Alejandro, Dalex, Lenny Tavárez, Dímelo Flow;Elegí (feat. Dímelo Flow);0;197
Costa Rica;North America;16;Ignorantes;Bad Bunny, Sech;YHLQMDLG;1;210
Costa Rica;North America;17;Morado;J Balvin;Colores;0;200
Costa Rica;North America;18;PORFA;Feid, Justin Quiles;FERXXO (VOL 1: M.O.R);0;232
Costa Rica;North America;19;Relación;Sech;1 of 1;0;184
Costa Rica;North America;20;Dance Monkey;Tones And I;Dance Monkey (Stripped Back) / Dance Monkey;0;209
Costa Rica;North America;21;Pa' Olvidarme De Ella;Piso 21, Christian Nodal;Pa' Olvidarme De Ella;1;227
Costa Rica;North America;22;Si Veo a Tu Mamá;Bad Bunny;YHLQMDLG;0;170
Costa Rica;North America;23;Jangueo;Alex Rose, Rafa Pabön;LOST;0;259
Costa Rica;North America;24;La Difícil;Bad Bunny;YHLQMDLG;1;163
Costa Rica;North America;25;Don't Start Now;Dua Lipa;Future Nostalgia;0;183
Costa Rica;North America;26;Vete;Bad Bunny;YHLQMDLG;1;192
Costa Rica;North America;27;Por Primera Vez;Camilo, Evaluna Montaner;Por Primera Vez;0;182
Costa Rica;North America;28;Toosie Slide;Drake;Dark Lane Demo Tapes;1;247
Costa Rica;North America;29;No Me Conoce - Remix;Jhay Cortez, J Balvin, Bad Bunny;Famouz;0;309
Costa Rica;North America;30;Azul;J Balvin;Colores;0;205
Costa Rica;North America;31;BYE ME FUI;Bad Bunny;LAS QUE NO IBAN A SALIR;1;178
Costa Rica;North America;32;El Efecto;Rauw Alejandro, Chencho Corleone;El Efecto;0;217
Costa Rica;North America;33;LA CANCIÓN;J Balvin, Bad Bunny;OASIS;0;242
Costa Rica;North America;34;Bajo La Mesa;Morat, Sebastian Yatra;Bajo La Mesa;0;157
Costa Rica;North America;35;Negro;J Balvin;Colores;0;182
Costa Rica;North America;36;Blanco;J Balvin;Colores;0;145
Costa Rica;North America;37;Si Te Vas;Sech, Ozuna;1 of 1;0;204
Costa Rica;North America;38;death bed (coffee for your head) (feat. beabadoobee);Powfu, beabadoobee;death bed (coffee for your head) (feat. beabadoobee);0;173
Costa Rica;North America;39;THE SCOTTS;THE SCOTTS, Travis Scott, Kid Cudi;THE SCOTTS;1;165
Costa Rica;North America;40;La Santa;Bad Bunny, Daddy Yankee;YHLQMDLG;1;206
Costa Rica;North America;41;El Efecto - Remix;Rauw Alejandro, Chencho Corleone, KEVVO, Bryant Myers, Lyanno, Dalex;El Efecto (Remix);1;289
Costa Rica;North America;42;Mejor;Dalex, Sech;Modo Avión;1;201
Costa Rica;North America;43;SICKO MODE;Travis Scott;ASTROWORLD;1;312
Costa Rica;North America;44;China;Anuel AA, Daddy Yankee, KAROL G, J Balvin, Ozuna;China;0;301
Costa Rica;North America;45;Tutu;Camilo, Pedro Capó;Por Primera Vez;0;179
Costa Rica;North America;46;CÓMO SE SIENTE - Remix;Jhay Cortez, Bad Bunny;CÓMO SE SIENTE (Remix);1;227
Costa Rica;North America;47;goosebumps;Travis Scott;Birds In The Trap Sing McKnight;1;243
Costa Rica;North America;48;A Tu Merced;Bad Bunny;YHLQMDLG;0;175
Costa Rica;North America;49;The Box;Roddy Ricch;Please Excuse Me For Being Antisocial;1;196
Costa Rica;North America;50;CANCIÓN CON YANDEL;Yandel, Bad Bunny;LAS QUE NO IBAN A SALIR;1;209
Czech Republic;Europe;1;Blinding Lights;The Weeknd;After Hours;0;200
Czech Republic;Europe;2;Roses - Imanbek Remix;SAINt JHN, Imanbek;Roses (Imanbek Remix);1;176
Czech Republic;Europe;3;GOOBA;6ix9ine;GOOBA;1;132
Czech Republic;Europe;4;Dance Monkey;Tones And I;Dance Monkey (Stripped Back) / Dance Monkey;0;209
Czech Republic;Europe;5;Rain On Me (with Ariana Grande);Lady Gaga, Ariana Grande;Rain On Me (with Ariana Grande);0;182
Czech Republic;Europe;6;death bed (coffee for your head) (feat. beabadoobee);Powfu, beabadoobee;death bed (coffee for your head) (feat. beabadoobee);0;173
Czech Republic;Europe;7;ROCKSTAR (feat. Roddy Ricch);DaBaby, Roddy Ricch;BLAME IT ON BABY;1;181
Czech Republic;Europe;8;THE SCOTTS;THE SCOTTS, Travis Scott, Kid Cudi;THE SCOTTS;1;165
Czech Republic;Europe;9;A na m?síc;Viktor Sheen, Nik Tendo, Calin, Hasan;?ernobílej sv?t;1;208
Czech Republic;Europe;10;Jsme jenom fakani;CA$HANOVA BULHAR;rap disco revoluce;1;268
Czech Republic;Europe;11;Hadi;CA$HANOVA BULHAR;rap disco revoluce;1;233
Czech Republic;Europe;12;Oblivion;Viktor Sheen, Nik Tendo;Oblivion;1;169
Czech Republic;Europe;13;Someone You Loved;Lewis Capaldi;Divinely Uninspired To A Hellish Extent;0;182
Czech Republic;Europe;14;Don't Start Now;Dua Lipa;Future Nostalgia;0;183
Czech Republic;Europe;15;Není Limit;Nik Tendo;RESTART;0;120
Czech Republic;Europe;16;Ride It;Regard;Ride It;0;157
Czech Republic;Europe;17;Toosie Slide;Drake;Dark Lane Demo Tapes;1;247
Czech Republic;Europe;18;The Box;Roddy Ricch;Please Excuse Me For Being Antisocial;1;196
Czech Republic;Europe;19;Do p?ti;Ektor;Do p?ti;1;200
Czech Republic;Europe;20;Boss Bitch;Doja Cat;Boss Bitch;0;134
Czech Republic;Europe;21;Sex Disco Revoluce;CA$HANOVA BULHAR;rap disco revoluce;1;199
Czech Republic;Europe;22;Breaking Me;Topic, A7S;Breaking Me;0;166
Czech Republic;Europe;23;Blueberry Faygo;Lil Mosey;Certified Hitmaker;1;162
Czech Republic;Europe;24;Hraje Si Na Co;Nik Tendo, Viktor Sheen;RESTART;1;144
Czech Republic;Europe;25;Falling;Trevor Daniel;Nicotine;0;159
Czech Republic;Europe;26;Supalonely;BENEE, Gus Dapperton;STELLA & STEVE;1;223
Czech Republic;Europe;27;Señorita;Shawn Mendes, Camila Cabello;Shawn Mendes (Deluxe);0;190
Czech Republic;Europe;28;LALALA;Grey, Psycho Rhyme;LALALA;1;146
Czech Republic;Europe;29;Svaz ceskych bohemu;Wohnout;Nasim klientum;0;256
Czech Republic;Europe;30;ily (i love you baby) (feat. Emilee);Surf Mesa, Emilee;ily (i love you baby) (feat. Emilee);0;176
Czech Republic;Europe;31;Stuck with U (with Justin Bieber);Ariana Grande, Justin Bieber;Stuck with U;0;228
Czech Republic;Europe;32;Godzilla (feat. Juice WRLD);Eminem, Juice WRLD;Music To Be Murdered By;1;210
Czech Republic;Europe;33;Sbohem;Nik Tendo;RESTART;0;126
Czech Republic;Europe;34;Before You Go;Lewis Capaldi;Divinely Uninspired To A Hellish Extent (Extended Edition);0;215
Czech Republic;Europe;35;Sunday Best;Surfaces;Where the Light Is;0;158
Czech Republic;Europe;36;Kings & Queens;Ava Max;Kings & Queens;0;162
Czech Republic;Europe;37;Totti;CA$HANOVA BULHAR;rap disco revoluce;1;183
Czech Republic;Europe;38;Circles;Post Malone;Hollywood's Bleeding;0;215
Czech Republic;Europe;39;goosebumps;Travis Scott;Birds In The Trap Sing McKnight;1;243
Czech Republic;Europe;40;ROXANNE;Arizona Zervas;ROXANNE;1;163
Czech Republic;Europe;41;Zrovna jí to najelo;CA$HANOVA BULHAR, Labello;TIMBERLAKETRAPPED;1;161
Czech Republic;Europe;42;Break My Heart;Dua Lipa;Future Nostalgia;0;221
Czech Republic;Europe;43;HIGHEST IN THE ROOM;Travis Scott;HIGHEST IN THE ROOM;1;175
Czech Republic;Europe;44;Hranice;Ektor;Hranice;1;129
Czech Republic;Europe;45;bad guy;Billie Eilish;WHEN WE ALL FALL ASLEEP, WHERE DO WE GO?;0;194
Czech Republic;Europe;46;RnB King;CA$HANOVA BULHAR;rap disco revoluce;1;291
Czech Republic;Europe;47;SICKO MODE;Travis Scott;ASTROWORLD;1;312
Czech Republic;Europe;48;Be Kind (with Halsey);Marshmello, Halsey;Be Kind (with Halsey);0;172
Czech Republic;Europe;49;Kytky z pumpy;Renne Dang;Kytky z pumpy;0;187
Czech Republic;Europe;50;Watermelon Sugar;Harry Styles;Fine Line;0;174
Denmark;Europe;1;ROCKSTAR (feat. Roddy Ricch);DaBaby, Roddy Ricch;BLAME IT ON BABY;1;181
Denmark;Europe;2;Tilbage (feat. Hennedub);KESI, Hennedub;Tilbage (feat. Hennedub);0;183
Denmark;Europe;3;KIKI (feat. Gilli);LOLO, Gilli;KIKI (feat. Gilli);1;172
Denmark;Europe;4;Blinding Lights;The Weeknd;After Hours;0;200
Denmark;Europe;5;Avatar;NODE, Larry 44;Avatar;1;156
Denmark;Europe;6;SPORT;TopGunn, Branco;SAS;0;162
Denmark;Europe;7;GOOBA;6ix9ine;GOOBA;1;132
Denmark;Europe;8;Sol Over København (feat. KESI);Citybois, KESI;BOIS FOREVER;0;185
Denmark;Europe;9;Roses - Imanbek Remix;SAINt JHN, Imanbek;Roses (Imanbek Remix);1;176
Denmark;Europe;10;Tættere End Vi Tror;P3, Tessa, Christopher, Lukas Graham, Jada, Benjamin Hav, Clara, Don Stefano, Mads Langer;Tættere End Vi Tror;0;271
Denmark;Europe;11;Glo På Mig;Tessa;Glo På Mig;1;161
Denmark;Europe;12;Toosie Slide;Drake;Dark Lane Demo Tapes;1;247
Denmark;Europe;13;Klovne;RH;Klovne;0;133
Denmark;Europe;14;Rover (feat. DTG);S1mba, DTG;Rover (feat. DTG);1;167
Denmark;Europe;15;LA DANZA;Branco, Gilli;EURO CONNECTION;1;185
Denmark;Europe;16;In Your Eyes;The Weeknd;After Hours;1;237
Denmark;Europe;17;Nudes;Jada;Nudes;1;198
Denmark;Europe;18;THE SCOTTS;THE SCOTTS, Travis Scott, Kid Cudi;THE SCOTTS;1;165
Denmark;Europe;19;Rain On Me (with Ariana Grande);Lady Gaga, Ariana Grande;Rain On Me (with Ariana Grande);0;182
Denmark;Europe;20;WHIP WHOP;I$WAAL;WHIP WHOP;1;211
Denmark;Europe;21;Min Bror (Josef Og Elias X ICEKIID);Josef Og Elias, ICEKIID;Min Bror (Josef Og Elias X ICEKIID);1;166
Denmark;Europe;22;Stuck with U (with Justin Bieber);Ariana Grande, Justin Bieber;Stuck with U;0;228
Denmark;Europe;23;Gonzo;Suspekt;Sindssyge Ting;1;172
Denmark;Europe;24;NO SKRUB$;TopGunn, Medina;SAS;0;162
Denmark;Europe;25;Blitz, Baby;Jung;Blitz;0;197
Denmark;Europe;26;Blueberry Faygo;Lil Mosey;Certified Hitmaker;1;162
Denmark;Europe;27;Så'n der;Tessa;Så'n der;1;155
Denmark;Europe;28;Ben;Tessa;Ben;1;176
Denmark;Europe;29;Gelato;Benny Jamz;Gelato;0;179
Denmark;Europe;30;Intentions (feat. Quavo);Justin Bieber, Quavo;Changes;0;212
Denmark;Europe;31;Smid Tøjet;Jimilian;Smid Tøjet;1;167
Denmark;Europe;32;death bed (coffee for your head) (feat. beabadoobee);Powfu, beabadoobee;death bed (coffee for your head) (feat. beabadoobee);0;173
Denmark;Europe;33;ily (i love you baby) (feat. Emilee);Surf Mesa, Emilee;ily (i love you baby) (feat. Emilee);0;176
Denmark;Europe;34;Burnout;Calby;Burnout;0;197
Denmark;Europe;35;Dance Monkey;Tones And I;Dance Monkey (Stripped Back) / Dance Monkey;0;209
Denmark;Europe;36;Don't Start Now;Dua Lipa;Future Nostalgia;0;183
Denmark;Europe;37;Hangover;Ude Af Kontrol;Hangover;1;139
Denmark;Europe;38;Supalonely;BENEE, Gus Dapperton;STELLA & STEVE;1;223
Denmark;Europe;39;PUB G (feat. Branco & Larry 44);LOLO, Branco, Larry 44;PUB G (feat. Branco & Larry 44);1;159
Denmark;Europe;40;Someone You Loved;Lewis Capaldi;Divinely Uninspired To A Hellish Extent;0;182
Denmark;Europe;41;Before You Go;Lewis Capaldi;Divinely Uninspired To A Hellish Extent (Extended Edition);0;215
Denmark;Europe;42;Party Girl;StaySolidRocky;Party Girl;0;147
Denmark;Europe;43;Breaking Me;Topic, A7S;Breaking Me;0;166
Denmark;Europe;44;Salt;Ava Max;Salt;0;180
Denmark;Europe;45;Ghost;Christopher;Ghost;0;193
Denmark;Europe;46;Say So;Doja Cat;Hot Pink;1;237
Denmark;Europe;47;Gutterne;Specktors, Nonsens;4 LIFE;0;148
Denmark;Europe;48;Break My Heart;Dua Lipa;Future Nostalgia;0;221
Denmark;Europe;49;Slip Away;Phlake, Mercedes the Virus;The Illegal Download Of Your Soul;0;195
Denmark;Europe;50;Kærlighed Gør Blind;Citybois;BOIS FOREVER;0;188
Dominican Republic;North America;1;Safaera;Bad Bunny, Jowell & Randy, Nengo Flow;YHLQMDLG;1;295
Dominican Republic;North America;2;Yo Perreo Sola;Bad Bunny;YHLQMDLG;0;172
Dominican Republic;North America;3;CÓMO SE SIENTE - Remix;Jhay Cortez, Bad Bunny;CÓMO SE SIENTE (Remix);1;227
Dominican Republic;North America;4;BYE ME FUI;Bad Bunny;LAS QUE NO IBAN A SALIR;1;178
Dominican Republic;North America;5;Tattoo;Rauw Alejandro;Tattoo;0;202
Dominican Republic;North America;6;Ignorantes;Bad Bunny, Sech;YHLQMDLG;1;210
Dominican Republic;North America;7;Elegí (feat. Dímelo Flow);Rauw Alejandro, Dalex, Lenny Tavárez, Dímelo Flow;Elegí (feat. Dímelo Flow);0;197
Dominican Republic;North America;8;Relación;Sech;1 of 1;0;184
Dominican Republic;North America;9;La Difícil;Bad Bunny;YHLQMDLG;1;163
Dominican Republic;North America;10;Diosa;Myke Towers;Easy Money Baby;1;214
Dominican Republic;North America;11;Hola - Remix;Dalex, Lenny Tavárez, Chencho Corleone, Juhn, Dímelo Flow;Hola (Remix);0;249
Dominican Republic;North America;12;Rojo;J Balvin;Colores;0;150
Dominican Republic;North America;13;La Santa;Bad Bunny, Daddy Yankee;YHLQMDLG;1;206
Dominican Republic;North America;14;Favorito;Camilo;Por Primera Vez;0;209
Dominican Republic;North America;15;CANCIÓN CON YANDEL;Yandel, Bad Bunny;LAS QUE NO IBAN A SALIR;1;209
Dominican Republic;North America;16;PAM;Justin Quiles, Daddy Yankee, El Alfa;PAM;1;201
Dominican Republic;North America;17;Vete;Bad Bunny;YHLQMDLG;1;192
Dominican Republic;North America;18;Si Veo a Tu Mamá;Bad Bunny;YHLQMDLG;0;170
Dominican Republic;North America;19;MÁS DE UNA CITA;Bad Bunny, Zion & Lennox;LAS QUE NO IBAN A SALIR;1;183
Dominican Republic;North America;20;BENDICIONES;Bad Bunny;LAS QUE NO IBAN A SALIR;0;155
Dominican Republic;North America;21;A Correr los Lakers;El Alfa;El Androide;0;176
Dominican Republic;North America;22;PA' ROMPERLA;Bad Bunny, Don Omar;LAS QUE NO IBAN A SALIR;1;194
Dominican Republic;North America;23;Fantasias;Rauw Alejandro, Farruko;Fantasias;0;199
Dominican Republic;North America;24;Un Dia Si;El Alfa, Farruko, Myke Towers;El Androide;0;164
Dominican Republic;North America;25;Sigues Con El;Dímelo Flow, Arcangel, Sech;Sigues Con El;0;226
Dominican Republic;North America;26;BAD CON NICKY;Bad Bunny, Nicky Jam;LAS QUE NO IBAN A SALIR;1;202
Dominican Republic;North America;27;Sigues Con El - Remix;Arcangel, Sech, Romeo Santos;Sigues Con El (Remix);0;189
Dominican Republic;North America;28;Tusa;KAROL G, Nicki Minaj;Tusa;0;200
Dominican Republic;North America;29;RONCA FREESTYLE;Bad Bunny;LAS QUE NO IBAN A SALIR;1;150
Dominican Republic;North America;30;Besalo;El Alfa, Rauw Alejandro;El Androide;0;163
Dominican Republic;North America;31;Loco - Remix;Farruko, Beéle, Natti Natasha, Manuel Turizo;Loco (Remix);0;248
Dominican Republic;North America;32;Medusa;Jhay Cortez, Anuel AA, J Balvin;Medusa;1;305
Dominican Republic;North America;33;No Me Conoce - Remix;Jhay Cortez, J Balvin, Bad Bunny;Famouz;0;309
Dominican Republic;North America;34;PORFA;Feid, Justin Quiles;FERXXO (VOL 1: M.O.R);0;232
Dominican Republic;North America;35;LA CANCIÓN;J Balvin, Bad Bunny;OASIS;0;242
Dominican Republic;North America;36;Adicto (with Anuel AA & Ozuna);Tainy, Anuel AA, Ozuna;Adicto (with Anuel AA & Ozuna);0;270
Dominican Republic;North America;37;Bellaquita - Remix;Dalex, Lenny Tavárez, Anitta, Natti Natasha, Farruko, Justin Quiles;Modo Avión;1;304
Dominican Republic;North America;38;Confía;Sech, Daddy Yankee;1 of 1;0;202
Dominican Republic;North America;39;A Tu Merced;Bad Bunny;YHLQMDLG;0;175
Dominican Republic;North America;40;Girl;Myke Towers;Easy Money Baby;1;186
Dominican Republic;North America;41;25-ago;Bad Bunny;YHLQMDLG;0;243
Dominican Republic;North America;42;Singapur;El Alfa, Chael Produciendo;El Androide;0;178
Dominican Republic;North America;43;Si Te Vas;Sech, Ozuna;1 of 1;0;204
Dominican Republic;North America;44;Follow;KAROL G, Anuel AA;Follow;0;203
Dominican Republic;North America;45;Rain On Me (with Ariana Grande);Lady Gaga, Ariana Grande;Rain On Me (with Ariana Grande);0;182
Dominican Republic;North America;46;Keii;Anuel AA;Keii;0;210
Dominican Republic;North America;47;Blinding Lights;The Weeknd;After Hours;0;200
Dominican Republic;North America;48;Toosie Slide;Drake;Dark Lane Demo Tapes;1;247
Dominican Republic;North America;49;SI ELLA SALE;Bad Bunny;LAS QUE NO IBAN A SALIR;0;143
Dominican Republic;North America;50;Hablamos Nunca;El Alfa, Bethoven Villaman, El Fother, Kiko el Crazy;El Androide;0;200
Ecuador;South America;1;Yo Perreo Sola;Bad Bunny;YHLQMDLG;0;172
Ecuador;South America;2;Safaera;Bad Bunny, Jowell & Randy, Nengo Flow;YHLQMDLG;1;295
Ecuador;South America;3;Rojo;J Balvin;Colores;0;150
Ecuador;South America;4;Favorito;Camilo;Por Primera Vez;0;209
Ecuador;South America;5;PORFA;Feid, Justin Quiles;FERXXO (VOL 1: M.O.R);0;232
Ecuador;South America;6;Blinding Lights;The Weeknd;After Hours;0;200
Ecuador;South America;7;Elegí (feat. Dímelo Flow);Rauw Alejandro, Dalex, Lenny Tavárez, Dímelo Flow;Elegí (feat. Dímelo Flow);0;197
Ecuador;South America;8;Relación;Sech;1 of 1;0;184
Ecuador;South America;9;Tattoo;Rauw Alejandro;Tattoo;0;202
Ecuador;South America;10;Morado;J Balvin;Colores;0;200
Ecuador;South America;11;Amarillo;J Balvin;Colores;0;157
Ecuador;South America;12;Bajo La Mesa;Morat, Sebastian Yatra;Bajo La Mesa;0;157
Ecuador;South America;13;Tusa;KAROL G, Nicki Minaj;Tusa;0;200
Ecuador;South America;14;Hola - Remix;Dalex, Lenny Tavárez, Chencho Corleone, Juhn, Dímelo Flow;Hola (Remix);0;249
Ecuador;South America;15;Ignorantes;Bad Bunny, Sech;YHLQMDLG;1;210
Ecuador;South America;16;Jangueo;Alex Rose, Rafa Pabön;LOST;0;259
Ecuador;South America;17;La Difícil;Bad Bunny;YHLQMDLG;1;163
Ecuador;South America;18;Si Veo a Tu Mamá;Bad Bunny;YHLQMDLG;0;170
Ecuador;South America;19;Diosa;Myke Towers;Easy Money Baby;1;214
Ecuador;South America;20;BYE ME FUI;Bad Bunny;LAS QUE NO IBAN A SALIR;1;178
Ecuador;South America;21;Sigues Con El;Dímelo Flow, Arcangel, Sech;Sigues Con El;0;226
Ecuador;South America;22;Azul;J Balvin;Colores;0;205
Ecuador;South America;23;Dance Monkey;Tones And I;Dance Monkey (Stripped Back) / Dance Monkey;0;209
Ecuador;South America;24;Don't Start Now;Dua Lipa;Future Nostalgia;0;183
Ecuador;South America;25;Fantasias;Rauw Alejandro, Farruko;Fantasias;0;199
Ecuador;South America;26;No Me Conoce - Remix;Jhay Cortez, J Balvin, Bad Bunny;Famouz;0;309
Ecuador;South America;27;PA' ROMPERLA;Bad Bunny, Don Omar;LAS QUE NO IBAN A SALIR;1;194
Ecuador;South America;28;Sigues Con El - Remix;Arcangel, Sech, Romeo Santos;Sigues Con El (Remix);0;189
Ecuador;South America;29;Locura;Cali Y El Dandee, Sebastian Yatra;Colegio;0;209
Ecuador;South America;30;El Efecto;Rauw Alejandro, Chencho Corleone;El Efecto;0;217
Ecuador;South America;31;Por Primera Vez;Camilo, Evaluna Montaner;Por Primera Vez;0;182
Ecuador;South America;32;CÓMO SE SIENTE - Remix;Jhay Cortez, Bad Bunny;CÓMO SE SIENTE (Remix);1;227
Ecuador;South America;33;LA CANCIÓN;J Balvin, Bad Bunny;OASIS;0;242
Ecuador;South America;34;Los Besos;Greeicy;Los Besos;0;202
Ecuador;South America;35;CANCIÓN CON YANDEL;Yandel, Bad Bunny;LAS QUE NO IBAN A SALIR;1;209
Ecuador;South America;36;La Santa;Bad Bunny, Daddy Yankee;YHLQMDLG;1;206
Ecuador;South America;37;Vete;Bad Bunny;YHLQMDLG;1;192
Ecuador;South America;38;Roses - Imanbek Remix;SAINt JHN, Imanbek;Roses (Imanbek Remix);1;176
Ecuador;South America;39;Detente;Mike Bahía, Danny Ocean;Navegando;0;181
Ecuador;South America;40;A Tu Merced;Bad Bunny;YHLQMDLG;0;175
Ecuador;South America;41;Si Me Dices Que Sí;Reik, Farruko, Camilo;Si Me Dices Que Sí;0;211
Ecuador;South America;42;Tutu;Camilo, Pedro Capó;Por Primera Vez;0;179
Ecuador;South America;43;Blanco;J Balvin;Colores;0;145
Ecuador;South America;44;Callaita;Bad Bunny, Tainy;Callaita;1;250
Ecuador;South America;45;death bed (coffee for your head) (feat. beabadoobee);Powfu, beabadoobee;death bed (coffee for your head) (feat. beabadoobee);0;173
Ecuador;South America;46;Negro;J Balvin;Colores;0;182
Ecuador;South America;47;China;Anuel AA, Daddy Yankee, KAROL G, J Balvin, Ozuna;China;0;301
Ecuador;South America;48;Quiéreme Mientras Se Pueda;Manuel Turizo;Quiéreme Mientras Se Pueda;0;191
Ecuador;South America;49;Rain On Me (with Ariana Grande);Lady Gaga, Ariana Grande;Rain On Me (with Ariana Grande);0;182
Ecuador;South America;50;ADMV;Maluma;ADMV;0;193
El Salvador;North America;1;Safaera;Bad Bunny, Jowell & Randy, Nengo Flow;YHLQMDLG;1;295
El Salvador;North America;2;Rojo;J Balvin;Colores;0;150
El Salvador;North America;3;Yo Perreo Sola;Bad Bunny;YHLQMDLG;0;172
El Salvador;North America;4;Favorito;Camilo;Por Primera Vez;0;209
El Salvador;North America;5;Tattoo;Rauw Alejandro;Tattoo;0;202
El Salvador;North America;6;Blinding Lights;The Weeknd;After Hours;0;200
El Salvador;North America;7;Hola - Remix;Dalex, Lenny Tavárez, Chencho Corleone, Juhn, Dímelo Flow;Hola (Remix);0;249
El Salvador;North America;8;BYE ME FUI;Bad Bunny;LAS QUE NO IBAN A SALIR;1;178
El Salvador;North America;9;La Difícil;Bad Bunny;YHLQMDLG;1;163
El Salvador;North America;10;Si Veo a Tu Mamá;Bad Bunny;YHLQMDLG;0;170
El Salvador;North America;11;Elegí (feat. Dímelo Flow);Rauw Alejandro, Dalex, Lenny Tavárez, Dímelo Flow;Elegí (feat. Dímelo Flow);0;197
El Salvador;North America;12;Ignorantes;Bad Bunny, Sech;YHLQMDLG;1;210
El Salvador;North America;13;Fantasias;Rauw Alejandro, Farruko;Fantasias;0;199
El Salvador;North America;14;La Santa;Bad Bunny, Daddy Yankee;YHLQMDLG;1;206
El Salvador;North America;15;Rain On Me (with Ariana Grande);Lady Gaga, Ariana Grande;Rain On Me (with Ariana Grande);0;182
El Salvador;North America;16;Sigues Con El;Dímelo Flow, Arcangel, Sech;Sigues Con El;0;226
El Salvador;North America;17;CANCIÓN CON YANDEL;Yandel, Bad Bunny;LAS QUE NO IBAN A SALIR;1;209
El Salvador;North America;18;Vete;Bad Bunny;YHLQMDLG;1;192
El Salvador;North America;19;CÓMO SE SIENTE - Remix;Jhay Cortez, Bad Bunny;CÓMO SE SIENTE (Remix);1;227
El Salvador;North America;20;Diosa;Myke Towers;Easy Money Baby;1;214
El Salvador;North America;21;No Me Conoce - Remix;Jhay Cortez, J Balvin, Bad Bunny;Famouz;0;309
El Salvador;North America;22;LA CANCIÓN;J Balvin, Bad Bunny;OASIS;0;242
El Salvador;North America;23;Tusa;KAROL G, Nicki Minaj;Tusa;0;200
El Salvador;North America;24;Morado;J Balvin;Colores;0;200
El Salvador;North America;25;Don't Start Now;Dua Lipa;Future Nostalgia;0;183
El Salvador;North America;26;PORFA;Feid, Justin Quiles;FERXXO (VOL 1: M.O.R);0;232
El Salvador;North America;27;death bed (coffee for your head) (feat. beabadoobee);Powfu, beabadoobee;death bed (coffee for your head) (feat. beabadoobee);0;173
El Salvador;North America;28;Pa' Olvidarme De Ella;Piso 21, Christian Nodal;Pa' Olvidarme De Ella;1;227
El Salvador;North America;29;Relación;Sech;1 of 1;0;184
El Salvador;North America;30;Amarillo;J Balvin;Colores;0;157
El Salvador;North America;31;Dance Monkey;Tones And I;Dance Monkey (Stripped Back) / Dance Monkey;0;209
El Salvador;North America;32;Jangueo;Alex Rose, Rafa Pabön;LOST;0;259
El Salvador;North America;33;PA' ROMPERLA;Bad Bunny, Don Omar;LAS QUE NO IBAN A SALIR;1;194
El Salvador;North America;34;Callaita;Bad Bunny, Tainy;Callaita;1;250
El Salvador;North America;35;El Efecto - Remix;Rauw Alejandro, Chencho Corleone, KEVVO, Bryant Myers, Lyanno, Dalex;El Efecto (Remix);1;289
El Salvador;North America;36;BAD CON NICKY;Bad Bunny, Nicky Jam;LAS QUE NO IBAN A SALIR;1;202
El Salvador;North America;37;A Tu Merced;Bad Bunny;YHLQMDLG;0;175
El Salvador;North America;38;MÁS DE UNA CITA;Bad Bunny, Zion & Lennox;LAS QUE NO IBAN A SALIR;1;183
El Salvador;North America;39;Bajo La Mesa;Morat, Sebastian Yatra;Bajo La Mesa;0;157
El Salvador;North America;40;Adicto (with Anuel AA & Ozuna);Tainy, Anuel AA, Ozuna;Adicto (with Anuel AA & Ozuna);0;270
El Salvador;North America;41;Sigues Con El - Remix;Arcangel, Sech, Romeo Santos;Sigues Con El (Remix);0;189
El Salvador;North America;42;Bellaquita - Remix;Dalex, Lenny Tavárez, Anitta, Natti Natasha, Farruko, Justin Quiles;Modo Avión;1;304
El Salvador;North America;43;El Efecto;Rauw Alejandro, Chencho Corleone;El Efecto;0;217
El Salvador;North America;44;Por Primera Vez;Camilo, Evaluna Montaner;Por Primera Vez;0;182
El Salvador;North America;45;Qué Maldición;Banda MS de Sergio Lizárraga, Snoop Dogg;Qué Maldición;0;203
El Salvador;North America;46;Azul;J Balvin;Colores;0;205
El Salvador;North America;47;Tutu;Camilo, Pedro Capó;Por Primera Vez;0;179
El Salvador;North America;48;China;Anuel AA, Daddy Yankee, KAROL G, J Balvin, Ozuna;China;0;301
El Salvador;North America;49;Quiéreme Mientras Se Pueda;Manuel Turizo;Quiéreme Mientras Se Pueda;0;191
El Salvador;North America;50;Quizas;Rich Music LTD, Sech, Dalex, Justin Quiles, Lenny Tavárez, Feid, Wisin, Zion;The Academy;1;216
Estonia;Europe;1;Croissantid;Nublu;Croissantid;0;156
Estonia;Europe;2;Blinding Lights;The Weeknd;After Hours;0;200
Estonia;Europe;3;Roses - Imanbek Remix;SAINt JHN, Imanbek;Roses (Imanbek Remix);1;176
Estonia;Europe;4;Rain On Me (with Ariana Grande);Lady Gaga, Ariana Grande;Rain On Me (with Ariana Grande);0;182
Estonia;Europe;5;ROCKSTAR (feat. Roddy Ricch);DaBaby, Roddy Ricch;BLAME IT ON BABY;1;181
Estonia;Europe;6;Young Boy;NOËP;Young Boy;0;153
Estonia;Europe;7;GOOBA;6ix9ine;GOOBA;1;132
Estonia;Europe;8;Aluspükse;5MIINUST, Nublu;Aluspükse;0;210
Estonia;Europe;9;ily (i love you baby) (feat. Emilee);Surf Mesa, Emilee;ily (i love you baby) (feat. Emilee);0;176
Estonia;Europe;10;für Oksana;Nublu, gameboy tetris;für Oksana;0;194
Estonia;Europe;11;Paaristõuked;5MIINUST, Villemdrillem;Paaristõuked;0;213
Estonia;Europe;12;death bed (coffee for your head) (feat. beabadoobee);Powfu, beabadoobee;death bed (coffee for your head) (feat. beabadoobee);0;173
Estonia;Europe;13;Toosie Slide;Drake;Dark Lane Demo Tapes;1;247
Estonia;Europe;14;THE SCOTTS;THE SCOTTS, Travis Scott, Kid Cudi;THE SCOTTS;1;165
Estonia;Europe;15;In Your Eyes;The Weeknd;After Hours;1;237
Estonia;Europe;16;Breaking Me;Topic, A7S;Breaking Me;0;166
Estonia;Europe;17;Blueberry Faygo;Lil Mosey;Certified Hitmaker;1;162
Estonia;Europe;18;Supalonely;BENEE, Gus Dapperton;STELLA & STEVE;1;223
Estonia;Europe;19;Don't Start Now;Dua Lipa;Future Nostalgia;0;183
Estonia;Europe;20;Watermelon Sugar;Harry Styles;Fine Line;0;174
Estonia;Europe;21;The Box;Roddy Ricch;Please Excuse Me For Being Antisocial;1;196
Estonia;Europe;22;Break My Heart;Dua Lipa;Future Nostalgia;0;221
Estonia;Europe;23;Boss Bitch;Doja Cat;Boss Bitch;0;134
Estonia;Europe;24;Stuck with U (with Justin Bieber);Ariana Grande, Justin Bieber;Stuck with U;0;228
Estonia;Europe;25;Falling;Trevor Daniel;Nicotine;0;159
Estonia;Europe;26;Be Kind (with Halsey);Marshmello, Halsey;Be Kind (with Halsey);0;172
Estonia;Europe;27;Daechwita;Agust D;D-2;1;225
Estonia;Europe;28;SOS (Siimi Remix);Pluuto, Nublu, Reket, Siimi;SOS (Siimi Remix);0;230
Estonia;Europe;29;Ooh Aah;Cdeep;Deep Sense;0;161
Estonia;Europe;30;Say So;Doja Cat;Hot Pink;1;237
Estonia;Europe;31;Sunday Best;Surfaces;Where the Light Is;0;158
Estonia;Europe;32;Kuule;Karl-Erik Taukar;Kuule;0;200
Estonia;Europe;33;WHATS POPPIN;Jack Harlow;Sweet Action;1;139
Estonia;Europe;34;Circles;Post Malone;Hollywood's Bleeding;0;215
Estonia;Europe;35;Play Date;Melanie Martinez;Cry Baby (Deluxe Edition);1;179
Estonia;Europe;36;öölaps!;Nublu;Mind on Mitu;0;192
Estonia;Europe;37;Dance Monkey;Tones And I;Dance Monkey (Stripped Back) / Dance Monkey;0;209
Estonia;Europe;38;Party Girl;StaySolidRocky;Party Girl;0;147
Estonia;Europe;39;Tsirkus;5MIINUST, Nublu, PLUUTO;Tsirkus;0;281
Estonia;Europe;40;ROXANNE;Arizona Zervas;ROXANNE;1;163
Estonia;Europe;41;Adore You;Harry Styles;Fine Line;0;207
Estonia;Europe;42;I Got Love;MiyaGi & Endspiel, Rem Digga;I Got Love;0;276
Estonia;Europe;43;Life Is Good (feat. Drake);Future, Drake;High Off Life;1;237
Estonia;Europe;44;everything i wanted;Billie Eilish;everything i wanted;0;245
Estonia;Europe;45;Intentions (feat. Quavo);Justin Bieber, Quavo;Changes;0;212
Estonia;Europe;46;goosebumps;Travis Scott;Birds In The Trap Sing McKnight;1;243
Estonia;Europe;47;Ma Kuulsin Seda Läbi Viinamarjaväädi;Reket;Kulutuli;0;188
Estonia;Europe;48;Ride It;Regard;Ride It;0;157
Estonia;Europe;49;Say So (feat. Nicki Minaj);Doja Cat, Nicki Minaj;Say So (feat. Nicki Minaj);1;206
Estonia;Europe;50;HIGHEST IN THE ROOM;Travis Scott;HIGHEST IN THE ROOM;1;175
Finland;Europe;1;Tässäkö tää oli? (feat. Leavings-Orkesteri);Arttu Wiskari, Leavings-Orkesteri;Tässäkö tää oli? (feat. Leavings-Orkesteri);0;222
Finland;Europe;2;Blinding Lights;The Weeknd;After Hours;0;200
Finland;Europe;3;Penelope (feat. Clever);william, Clever;Penelope (feat. Clever);0;183
Finland;Europe;4;GOOBA;6ix9ine;GOOBA;1;132
Finland;Europe;5;Christian Rapper;Devo;Christian Rapper;0;152
Finland;Europe;6;Believe Me - Remastered;Devo, Janni;Believe Me (Remastered);1;182
Finland;Europe;7;Yhtenä sunnuntaina;Erin;Yhtenä sunnuntaina;0;219
Finland;Europe;8;Liian vähän, liian myöhään;Evelina;Liian vähän, liian myöhään;0;195
Finland;Europe;9;ROCKSTAR (feat. Roddy Ricch);DaBaby, Roddy Ricch;BLAME IT ON BABY;1;181
Finland;Europe;10;Rain On Me (with Ariana Grande);Lady Gaga, Ariana Grande;Rain On Me (with Ariana Grande);0;182
Finland;Europe;11;100%;Keko Salata, BESS, Sexmane;100%;0;203
Finland;Europe;12;Roses - Imanbek Remix;SAINt JHN, Imanbek;Roses (Imanbek Remix);1;176
Finland;Europe;13;Tivolit;BEHM;Tivolit;0;211
Finland;Europe;14;100;Kube;100;0;167
Finland;Europe;15;Boss Bitch;Doja Cat;Boss Bitch;0;134
Finland;Europe;16;Epäröimättä hetkeekään;Elastinen, Jenni Vartiainen;Epäröimättä hetkeekään;0;200
Finland;Europe;17;THE SCOTTS;THE SCOTTS, Travis Scott, Kid Cudi;THE SCOTTS;1;165
Finland;Europe;18;Breaking Me;Topic, A7S;Breaking Me;0;166
Finland;Europe;19;Kings & Queens;Ava Max;Kings & Queens;0;162
Finland;Europe;20;Hei rakas;BEHM;Hei rakas;0;211
Finland;Europe;21;Thank You [Not So Bad];VIZE, Felix Jaehn;Thank You [Not So Bad];0;197
Finland;Europe;22;Ikuinen vappu;JVG;RATA/RAITTI;0;187
Finland;Europe;23;Break My Heart;Dua Lipa;Future Nostalgia;0;221
Finland;Europe;24;LINKO;Lord Est, MEGA-Ertsi;LINKO;0;192
Finland;Europe;25;Blueberry Faygo;Lil Mosey;Certified Hitmaker;1;162
Finland;Europe;26;Tuhansien Lärvien Maa;Petri Nygård;Tuhansien Lärvien Maa;0;157
Finland;Europe;27;Supalonely;BENEE, Gus Dapperton;STELLA & STEVE;1;223
Finland;Europe;28;Parempi yksin - Recorded At Spotify Studios, Stockholm;Pyhimys;Spotify Singles;0;182
Finland;Europe;29;Stuck with U (with Justin Bieber);Ariana Grande, Justin Bieber;Stuck with U;0;228
Finland;Europe;30;In Your Eyes;The Weeknd;After Hours;1;237
Finland;Europe;31;Valonsäteet;Vesta;Valonsäteet;0;229
Finland;Europe;32;Komm Komm;Capital Bra;Komm Komm;0;160
Finland;Europe;33;Toosie Slide;Drake;Dark Lane Demo Tapes;1;247
Finland;Europe;34;Hengitä;Tuure Boelius;Hengitä;0;160
Finland;Europe;35;Salt;Ava Max;Salt;0;180
Finland;Europe;36;Teipillä tai rakkaudella;ABREU;Teipillä tai rakkaudella;0;195
Finland;Europe;37;Lose Somebody;Kygo, OneRepublic;Lose Somebody;0;199
Finland;Europe;38;Dance Monkey;Tones And I;Dance Monkey (Stripped Back) / Dance Monkey;0;209
Finland;Europe;39;Play Date;Melanie Martinez;Cry Baby (Deluxe Edition);1;179
Finland;Europe;40;death bed (coffee for your head) (feat. beabadoobee);Powfu, beabadoobee;death bed (coffee for your head) (feat. beabadoobee);0;173
Finland;Europe;41;LA Money;ALMA;Have U Seen Her?;1;173
Finland;Europe;42;ily (i love you baby) (feat. Emilee);Surf Mesa, Emilee;ily (i love you baby) (feat. Emilee);0;176
Finland;Europe;43;Herkku;Seksikäs-Suklaa, Dosdela;Herkku;0;171
Finland;Europe;44;KYSYMYS (feat. Pyhimys);Cledos, Pyhimys;KYSYMYS (feat. Pyhimys);0;162
Finland;Europe;45;Cicciolina;Erika Vikman;Cicciolina;0;178
Finland;Europe;46;Naamat;HesaÄijä;Naamat;0;184
Finland;Europe;47;Be Kind (with Halsey);Marshmello, Halsey;Be Kind (with Halsey);0;172
Finland;Europe;48;Physical;Dua Lipa;Future Nostalgia;0;193
Finland;Europe;49;WHATS POPPIN;Jack Harlow;Sweet Action;1;139
Finland;Europe;50;Haituvat;Jukka Poika, Janna;Haituvat;0;188
France;Europe;1;Angela;Hatik;Chaise pliante;1;236
France;Europe;2;JAUNÉ;Booba, Zed;JAUNÉ;1;215
France;Europe;3;Blinding Lights;The Weeknd;After Hours;0;200
France;Europe;4;Roses - Imanbek Remix;SAINt JHN, Imanbek;Roses (Imanbek Remix);1;176
France;Europe;5;Mele?im;Soolking, Dadju;Vintage;0;220
France;Europe;6;Lettre à une femme;Ninho;M.I.L.S 3;1;157
France;Europe;7;Tusa;KAROL G, Nicki Minaj;Tusa;0;200
France;Europe;8;ily (i love you baby) (feat. Emilee);Surf Mesa, Emilee;ily (i love you baby) (feat. Emilee);0;176
France;Europe;9;6.3;Naps, Ninho;Carré VIP;1;212
France;Europe;10;Sousou;Jul;Sousou;1;237
France;Europe;11;Bro Bro;Zola;Bro Bro;1;144
France;Europe;12;Blanche;Maes, Booba;Les derniers salopards;1;193
France;Europe;13;Toosie Slide;Drake;Dark Lane Demo Tapes;1;247
France;Europe;14;death bed (coffee for your head) (feat. beabadoobee);Powfu, beabadoobee;death bed (coffee for your head) (feat. beabadoobee);0;173
France;Europe;15;MAMACITA;Black Eyed Peas, Ozuna, J. Rey Soul;MAMACITA;1;249
France;Europe;16;Criminel (feat. Niska);Bramsito, Niska;Criminel;1;196
France;Europe;17;Dance Monkey;Tones And I;Dance Monkey (Stripped Back) / Dance Monkey;0;209
France;Europe;18;Skechers;DripReport;Skechers;1;106
France;Europe;19;Distant;Maes, Ninho;Les derniers salopards;1;162
France;Europe;20;Ride It;Regard;Ride It;0;157
France;Europe;21;Rain On Me (with Ariana Grande);Lady Gaga, Ariana Grande;Rain On Me (with Ariana Grande);0;182
France;Europe;22;Zipette;Ninho;M.I.L.S 3;1;211
France;Europe;23;THE SCOTTS;THE SCOTTS, Travis Scott, Kid Cudi;THE SCOTTS;1;165
France;Europe;24;Ne reviens pas;Gradur, Heuss L'enfoiré;Zone 59;1;188
France;Europe;25;GOOBA;6ix9ine;GOOBA;1;132
France;Europe;26;Dybala;Maes, Jul;Les derniers salopards;1;211
France;Europe;27;1ère fois;Imen Es, Alonzo;Nos vies;0;175
France;Europe;28;The Box;Roddy Ricch;Please Excuse Me For Being Antisocial;1;196
France;Europe;29;La vie qu'on mène;Ninho;Destin;0;193
France;Europe;30;93% [Tijuana];GLK, Landy, DA Uzi, Hornet La Frappe;Indécis;1;222
France;Europe;31;ROCKSTAR (feat. Roddy Ricch);DaBaby, Roddy Ricch;BLAME IT ON BABY;1;181
France;Europe;32;MD (feat. Niska);4Keus, Niska;Vie d'artiste;1;210
France;Europe;33;Salt;Ava Max;Salt;0;180
France;Europe;34;Crois-moi (feat. Ninho);DA Uzi, Ninho;Architecte;1;183
France;Europe;35;Falling;Trevor Daniel;Nicotine;0;159
France;Europe;36;In Your Eyes;The Weeknd;After Hours;1;237
France;Europe;37;Breaking Me;Topic, A7S;Breaking Me;0;166
France;Europe;38;Supalonely;BENEE, Gus Dapperton;STELLA & STEVE;1;223
France;Europe;39;Moulaga;Heuss L'enfoiré, Jul;Moulaga;1;179
France;Europe;40;Some Say;Nea;Some Say;0;175
France;Europe;41;Infinity - Dubdogz & Bhaskar Edit;Dubdogz, Bhaskar;Infinity (Dubdogz & Bhaskar Edit);0;196
France;Europe;42;Train de vie (feat. PLK);Leto, PLK;Virus: avant l'album;1;187
France;Europe;43;Prison pour mineurs;Hatik;Prison pour mineurs;1;94
France;Europe;44;Pirate;Ninho, Hös Copperfield;Pirate;1;245
France;Europe;45;Physical;Dua Lipa;Future Nostalgia;0;193
France;Europe;46;Fait d'or;Jul;Fait d'or;1;315
France;Europe;47;So Maness;Soso Maness;So Maness;1;159
France;Europe;48;Sunday Best;Surfaces;Where the Light Is;0;158
France;Europe;49;Anissa;Wejdene;Anissa;0;175
France;Europe;50;Djomb;Bosh;Synkinisi;1;141
Germany;Europe;1;Roadrunner;Bonez MC;Roadrunner;0;149
Germany;Europe;2;Komm Komm;Capital Bra;Komm Komm;0;160
Germany;Europe;3;Fame;Apache 207;Fame;0;173
Germany;Europe;4;Airwaves;Pashanim;Airwaves;0;178
Germany;Europe;5;ROCKSTAR (feat. Roddy Ricch);DaBaby, Roddy Ricch;BLAME IT ON BABY;1;181
Germany;Europe;6;Emotions;Ufo361;Rich Rich;0;146
Germany;Europe;7;Blinding Lights;The Weeknd;After Hours;0;200
Germany;Europe;8;GOOBA;6ix9ine;GOOBA;1;132
Germany;Europe;9;FAVELA;Dardan;FAVELA;1;159
Germany;Europe;10;Nicht verdient;Capital Bra, Loredana;Nicht verdient;0;176
Germany;Europe;11;Roses - Imanbek Remix;SAINt JHN, Imanbek;Roses (Imanbek Remix);1;176
Germany;Europe;12;Toosie Slide;Drake;Dark Lane Demo Tapes;1;247
Germany;Europe;13;ily (i love you baby) (feat. Emilee);Surf Mesa, Emilee;ily (i love you baby) (feat. Emilee);0;176
Germany;Europe;14;GEHT NICH GIBS NICH;KC Rebell, Summer Cem;GEHT NICH GIBS NICH;0;180
Germany;Europe;15;Roller;Apache 207;Platte;1;157
Germany;Europe;16;Late Night;Luciano;Late Night;0;200
Germany;Europe;17;Breaking Me;Topic, A7S;Breaking Me;0;166
Germany;Europe;18;Ich würd' lügen;KAYEF;Struggle Is Real;0;163
Germany;Europe;19;Maison;Luciano;Maison;0;193
Germany;Europe;20;WEISSER RAUCH;FOURTY;WEISSER RAUCH;0;182
Germany;Europe;21;Tränen aus Kajal;CÉLINE;Tränen aus Kajal;0;151
Germany;Europe;22;Never Let Me Down;VIZE, Tom Gregory;Never Let Me Down;0;153
Germany;Europe;23;90-60-111;Shirin David;90-60-111;1;141
Germany;Europe;24;death bed (coffee for your head) (feat. beabadoobee);Powfu, beabadoobee;death bed (coffee for your head) (feat. beabadoobee);0;173
Germany;Europe;25;Some Say - Felix Jaehn Remix;Nea, Felix Jaehn;Some Say (Felix Jaehn Remix);0;186
Germany;Europe;26;Kings & Queens;Ava Max;Kings & Queens;0;162
Germany;Europe;27;Dance Monkey;Tones And I;Dance Monkey (Stripped Back) / Dance Monkey;0;209
Germany;Europe;28;WIEDER MAL;FOURTY, Monet192;WIEDER MAL;0;175
Germany;Europe;29;THE SCOTTS;THE SCOTTS, Travis Scott, Kid Cudi;THE SCOTTS;1;165
Germany;Europe;30;Rain On Me (with Ariana Grande);Lady Gaga, Ariana Grande;Rain On Me (with Ariana Grande);0;182
Germany;Europe;31;Te Amo Mi Amor;Sarah Lombardi;Te Amo Mi Amor;0;184
Germany;Europe;32;Salt;Ava Max;Salt;0;180
Germany;Europe;33;In Your Eyes (feat. Alida);Robin Schulz, Alida;In Your Eyes (feat. Alida);0;208
Germany;Europe;34;MAMACITA;Black Eyed Peas, Ozuna, J. Rey Soul;MAMACITA;1;249
Germany;Europe;35;Anders;Fero47;Anders;0;173
Germany;Europe;36;BaeBae;Samra;Jibrail & Iblis;0;167
Germany;Europe;37;Supalonely;BENEE, Gus Dapperton;STELLA & STEVE;1;223
Germany;Europe;38;Like I Love You;Nico Santos, Topic;Nico Santos;0;203
Germany;Europe;39;Trendsetter;Nimo, Rina;Trendsetter;0;146
Germany;Europe;40;Modela;Ardian Bujupi;Modela;0;154
Germany;Europe;41;H <3 T E L;Dardan, Monet192;H <3 T E L;0;164
Germany;Europe;42;Namen;Kontra K;Namen;1;198
Germany;Europe;43;Conan x Xenia;Haftbefehl, Shirin David;Conan x Xenia;1;200
Germany;Europe;44;Sehe schwarz;Ra'is, XATAR;Sehe schwarz;1;187
Germany;Europe;45;Rollercoaster;badmómzjay;Rollercoaster;1;165
Germany;Europe;46;200 km/h;Apache 207;Platte;1;163
Germany;Europe;47;The Passenger (LaLaLa);LUM!X, MOKABY & D.T.E, Gabry Ponte;The Passenger (LaLaLa);0;159
Germany;Europe;48;Rückspiegel;Sinan-G;Rückspiegel;0;153
Germany;Europe;49;Stuck with U (with Justin Bieber);Ariana Grande, Justin Bieber;Stuck with U;0;228
Germany;Europe;50;What's Luv;Shindy;Byzantinische Rose;1;133
Greece;Europe;1;Millionaire;Snik;TOPBOY;1;155
Greece;Europe;2;Why;Snik;TOPBOY;1;229
Greece;Europe;3;TopBoy;Snik, Capo Plaza;TOPBOY;1;146
Greece;Europe;4;Cubano;Snik;TOPBOY;1;171
Greece;Europe;5;Oh No;Snik;TOPBOY;1;182
Greece;Europe;6;Online;Snik;TOPBOY;1;206
Greece;Europe;7;PTSD;Snik;TOPBOY;1;178
Greece;Europe;8;Highway;Snik;TOPBOY;1;117
Greece;Europe;9;Sinefa;Snik;TOPBOY;1;163
Greece;Europe;10;Rockstar;Snik;TOPBOY;1;133
Greece;Europe;11;Colpo Grosso;Snik, Guè Pequeno, Noizy, Capo Plaza;TOPBOY;1;273
Greece;Europe;12;Drip;Snik, Mad Clip;TOPBOY;1;147
Greece;Europe;13;Medusa;Snik;TOPBOY;1;172
Greece;Europe;14;Kilo;Snik;TOPBOY;1;180
Greece;Europe;15;THE SCOTTS;THE SCOTTS, Travis Scott, Kid Cudi;THE SCOTTS;1;165
Greece;Europe;16;Cruel Summer;DJ Stephan, Mad Clip, iLLEOo;Cruel Summer;1;212
Greece;Europe;17;GOOBA;6ix9ine;GOOBA;1;132
Greece;Europe;18;Roses - Imanbek Remix;SAINt JHN, Imanbek;Roses (Imanbek Remix);1;176
Greece;Europe;19;Woh - Remix;Fy, Light, MC Bin Laden, Mad Clip, Mente Fuerte;Woh (Remix);1;230
Greece;Europe;20;Rain On Me (with Ariana Grande);Lady Gaga, Ariana Grande;Rain On Me (with Ariana Grande);0;182
Greece;Europe;21;Senorita;Snik, Tamta;Senorita;0;178
Greece;Europe;22;Blinding Lights;The Weeknd;After Hours;0;200
Greece;Europe;23;ROCKSTAR (feat. Roddy Ricch);DaBaby, Roddy Ricch;BLAME IT ON BABY;1;181
Greece;Europe;24;Kotera;Mad Clip;Kotera;1;172
Greece;Europe;25;IG;Slogan, MG;Big Chunes;1;159
Greece;Europe;26;BIG MAN;Snik;BIG MAN;1;181
Greece;Europe;27;Toosie Slide;Drake;Dark Lane Demo Tapes;1;247
Greece;Europe;28;Who U;MG, iLLEOo;Who U;1;153
Greece;Europe;29;Eros;DJ Stephan, Ypo, Sophia;Eros;1;182
Greece;Europe;30;HIGHEST IN THE ROOM;Travis Scott;HIGHEST IN THE ROOM;1;175
Greece;Europe;31;The Box;Roddy Ricch;Please Excuse Me For Being Antisocial;1;196
Greece;Europe;32;Slang;Light, Billy Sio, Atc Nico;Slang;1;348
Greece;Europe;33;SICKO MODE;Travis Scott;ASTROWORLD;1;312
Greece;Europe;34;Blueberry Faygo;Lil Mosey;Certified Hitmaker;1;162
Greece;Europe;35;Presidente;Mad Clip;Presidente;1;209
Greece;Europe;36;Life Is Good (feat. Drake);Future, Drake;High Off Life;1;237
Greece;Europe;37;goosebumps;Travis Scott;Birds In The Trap Sing McKnight;1;243
Greece;Europe;38;Magic;Light;Magic;1;178
Greece;Europe;39;Caliente;Mente Fuerte, Hawk, Baghdad;Caliente;1;222
Greece;Europe;40;WHATS POPPIN;Jack Harlow;Sweet Action;1;139
Greece;Europe;41;GANGSTA;Snik, A.M. SNiPER;GANGSTA;1;232
Greece;Europe;42;Stars;TOQUEL, Light;777;1;167
Greece;Europe;43;Don't Start Now;Dua Lipa;Future Nostalgia;0;183
Greece;Europe;44;Falling;Trevor Daniel;Nicotine;0;159
Greece;Europe;45;In Your Eyes;The Weeknd;After Hours;1;237
Greece;Europe;46;Cyan;Saske;Saskepticism Vol. 1;1;155
Greece;Europe;47;Break My Heart;Dua Lipa;Future Nostalgia;0;221
Greece;Europe;48;Stuck with U (with Justin Bieber);Ariana Grande, Justin Bieber;Stuck with U;0;228
Greece;Europe;49;Monos Mou;Snik;Monos Mou;1;240
Greece;Europe;50;Party Girl;StaySolidRocky;Party Girl;0;147
Guatemala;North America;1;Rojo;J Balvin;Colores;0;150
Guatemala;North America;2;Yo Perreo Sola;Bad Bunny;YHLQMDLG;0;172
Guatemala;North America;3;Safaera;Bad Bunny, Jowell & Randy, Nengo Flow;YHLQMDLG;1;295
Guatemala;North America;4;Favorito;Camilo;Por Primera Vez;0;209
Guatemala;North America;5;Tattoo;Rauw Alejandro;Tattoo;0;202
Guatemala;North America;6;Ignorantes;Bad Bunny, Sech;YHLQMDLG;1;210
Guatemala;North America;7;Blinding Lights;The Weeknd;After Hours;0;200
Guatemala;North America;8;Si Veo a Tu Mamá;Bad Bunny;YHLQMDLG;0;170
Guatemala;North America;9;Fantasias;Rauw Alejandro, Farruko;Fantasias;0;199
Guatemala;North America;10;Sigues Con El;Dímelo Flow, Arcangel, Sech;Sigues Con El;0;226
Guatemala;North America;11;Elegí (feat. Dímelo Flow);Rauw Alejandro, Dalex, Lenny Tavárez, Dímelo Flow;Elegí (feat. Dímelo Flow);0;197
Guatemala;North America;12;Hola - Remix;Dalex, Lenny Tavárez, Chencho Corleone, Juhn, Dímelo Flow;Hola (Remix);0;249
Guatemala;North America;13;Tusa;KAROL G, Nicki Minaj;Tusa;0;200
Guatemala;North America;14;Jangueo;Alex Rose, Rafa Pabön;LOST;0;259
Guatemala;North America;15;La Difícil;Bad Bunny;YHLQMDLG;1;163
Guatemala;North America;16;Pa' Olvidarme De Ella;Piso 21, Christian Nodal;Pa' Olvidarme De Ella;1;227
Guatemala;North America;17;BYE ME FUI;Bad Bunny;LAS QUE NO IBAN A SALIR;1;178
Guatemala;North America;18;Vete;Bad Bunny;YHLQMDLG;1;192
Guatemala;North America;19;LA CANCIÓN;J Balvin, Bad Bunny;OASIS;0;242
Guatemala;North America;20;Diosa;Myke Towers;Easy Money Baby;1;214
Guatemala;North America;21;Morado;J Balvin;Colores;0;200
Guatemala;North America;22;No Me Conoce - Remix;Jhay Cortez, J Balvin, Bad Bunny;Famouz;0;309
Guatemala;North America;23;La Santa;Bad Bunny, Daddy Yankee;YHLQMDLG;1;206
Guatemala;North America;24;CANCIÓN CON YANDEL;Yandel, Bad Bunny;LAS QUE NO IBAN A SALIR;1;209
Guatemala;North America;25;PORFA;Feid, Justin Quiles;FERXXO (VOL 1: M.O.R);0;232
Guatemala;North America;26;CÓMO SE SIENTE - Remix;Jhay Cortez, Bad Bunny;CÓMO SE SIENTE (Remix);1;227
Guatemala;North America;27;Qué Maldición;Banda MS de Sergio Lizárraga, Snoop Dogg;Qué Maldición;0;203
Guatemala;North America;28;Sigues Con El - Remix;Arcangel, Sech, Romeo Santos;Sigues Con El (Remix);0;189
Guatemala;North America;29;Rain On Me (with Ariana Grande);Lady Gaga, Ariana Grande;Rain On Me (with Ariana Grande);0;182
Guatemala;North America;30;Amarillo;J Balvin;Colores;0;157
Guatemala;North America;31;Don't Start Now;Dua Lipa;Future Nostalgia;0;183
Guatemala;North America;32;Dance Monkey;Tones And I;Dance Monkey (Stripped Back) / Dance Monkey;0;209
Guatemala;North America;33;Callaita;Bad Bunny, Tainy;Callaita;1;250
Guatemala;North America;34;death bed (coffee for your head) (feat. beabadoobee);Powfu, beabadoobee;death bed (coffee for your head) (feat. beabadoobee);0;173
Guatemala;North America;35;Relación;Sech;1 of 1;0;184
Guatemala;North America;36;Azul;J Balvin;Colores;0;205
Guatemala;North America;37;PA' ROMPERLA;Bad Bunny, Don Omar;LAS QUE NO IBAN A SALIR;1;194
Guatemala;North America;38;Adicto (with Anuel AA & Ozuna);Tainy, Anuel AA, Ozuna;Adicto (with Anuel AA & Ozuna);0;270
Guatemala;North America;39;Quiéreme Mientras Se Pueda;Manuel Turizo;Quiéreme Mientras Se Pueda;0;191
Guatemala;North America;40;Bajo La Mesa;Morat, Sebastian Yatra;Bajo La Mesa;0;157
Guatemala;North America;41;Por Primera Vez;Camilo, Evaluna Montaner;Por Primera Vez;0;182
Guatemala;North America;42;Se Me Olvidó;Christian Nodal;Se Me Olvidó;0;159
Guatemala;North America;43;Tutu;Camilo, Pedro Capó;Por Primera Vez;0;179
Guatemala;North America;44;BAD CON NICKY;Bad Bunny, Nicky Jam;LAS QUE NO IBAN A SALIR;1;202
Guatemala;North America;45;MÁS DE UNA CITA;Bad Bunny, Zion & Lennox;LAS QUE NO IBAN A SALIR;1;183
Guatemala;North America;46;Si Te Vas;Sech, Ozuna;1 of 1;0;204
Guatemala;North America;47;El Efecto - Remix;Rauw Alejandro, Chencho Corleone, KEVVO, Bryant Myers, Lyanno, Dalex;El Efecto (Remix);1;289
Guatemala;North America;48;China;Anuel AA, Daddy Yankee, KAROL G, J Balvin, Ozuna;China;0;301
Guatemala;North America;49;A Tu Merced;Bad Bunny;YHLQMDLG;0;175
Guatemala;North America;50;El Efecto;Rauw Alejandro, Chencho Corleone;El Efecto;0;217
Honduras;North America;1;Safaera;Bad Bunny, Jowell & Randy, Nengo Flow;YHLQMDLG;1;295
Honduras;North America;2;Yo Perreo Sola;Bad Bunny;YHLQMDLG;0;172
Honduras;North America;3;Rojo;J Balvin;Colores;0;150
Honduras;North America;4;CÓMO SE SIENTE - Remix;Jhay Cortez, Bad Bunny;CÓMO SE SIENTE (Remix);1;227
Honduras;North America;5;Ignorantes;Bad Bunny, Sech;YHLQMDLG;1;210
Honduras;North America;6;BYE ME FUI;Bad Bunny;LAS QUE NO IBAN A SALIR;1;178
Honduras;North America;7;Si Veo a Tu Mamá;Bad Bunny;YHLQMDLG;0;170
Honduras;North America;8;Favorito;Camilo;Por Primera Vez;0;209
Honduras;North America;9;Blinding Lights;The Weeknd;After Hours;0;200
Honduras;North America;10;La Santa;Bad Bunny, Daddy Yankee;YHLQMDLG;1;206
Honduras;North America;11;La Difícil;Bad Bunny;YHLQMDLG;1;163
Honduras;North America;12;Tattoo;Rauw Alejandro;Tattoo;0;202
Honduras;North America;13;CANCIÓN CON YANDEL;Yandel, Bad Bunny;LAS QUE NO IBAN A SALIR;1;209
Honduras;North America;14;Vete;Bad Bunny;YHLQMDLG;1;192
Honduras;North America;15;Diosa;Myke Towers;Easy Money Baby;1;214
Honduras;North America;16;Hola - Remix;Dalex, Lenny Tavárez, Chencho Corleone, Juhn, Dímelo Flow;Hola (Remix);0;249
Honduras;North America;17;LA CANCIÓN;J Balvin, Bad Bunny;OASIS;0;242
Honduras;North America;18;Tusa;KAROL G, Nicki Minaj;Tusa;0;200
Honduras;North America;19;Sigues Con El;Dímelo Flow, Arcangel, Sech;Sigues Con El;0;226
Honduras;North America;20;A Tu Merced;Bad Bunny;YHLQMDLG;0;175
Honduras;North America;21;No Me Conoce - Remix;Jhay Cortez, J Balvin, Bad Bunny;Famouz;0;309
Honduras;North America;22;Rain On Me (with Ariana Grande);Lady Gaga, Ariana Grande;Rain On Me (with Ariana Grande);0;182
Honduras;North America;23;Elegí (feat. Dímelo Flow);Rauw Alejandro, Dalex, Lenny Tavárez, Dímelo Flow;Elegí (feat. Dímelo Flow);0;197
Honduras;North America;24;BAD CON NICKY;Bad Bunny, Nicky Jam;LAS QUE NO IBAN A SALIR;1;202
Honduras;North America;25;Morado;J Balvin;Colores;0;200
Honduras;North America;26;Fantasias;Rauw Alejandro, Farruko;Fantasias;0;199
Honduras;North America;27;PA' ROMPERLA;Bad Bunny, Don Omar;LAS QUE NO IBAN A SALIR;1;194
Honduras;North America;28;MÁS DE UNA CITA;Bad Bunny, Zion & Lennox;LAS QUE NO IBAN A SALIR;1;183
Honduras;North America;29;Relación;Sech;1 of 1;0;184
Honduras;North America;30;Don't Start Now;Dua Lipa;Future Nostalgia;0;183
Honduras;North America;31;Amarillo;J Balvin;Colores;0;157
Honduras;North America;32;Pa' Olvidarme De Ella;Piso 21, Christian Nodal;Pa' Olvidarme De Ella;1;227
Honduras;North America;33;PORFA;Feid, Justin Quiles;FERXXO (VOL 1: M.O.R);0;232
Honduras;North America;34;Callaita;Bad Bunny, Tainy;Callaita;1;250
Honduras;North America;35;Dance Monkey;Tones And I;Dance Monkey (Stripped Back) / Dance Monkey;0;209
Honduras;North America;36;Jangueo;Alex Rose, Rafa Pabön;LOST;0;259
Honduras;North America;37;BENDICIONES;Bad Bunny;LAS QUE NO IBAN A SALIR;0;155
Honduras;North America;38;El Efecto - Remix;Rauw Alejandro, Chencho Corleone, KEVVO, Bryant Myers, Lyanno, Dalex;El Efecto (Remix);1;289
Honduras;North America;39;Bajo La Mesa;Morat, Sebastian Yatra;Bajo La Mesa;0;157
Honduras;North America;40;Adicto (with Anuel AA & Ozuna);Tainy, Anuel AA, Ozuna;Adicto (with Anuel AA & Ozuna);0;270
Honduras;North America;41;death bed (coffee for your head) (feat. beabadoobee);Powfu, beabadoobee;death bed (coffee for your head) (feat. beabadoobee);0;173
Honduras;North America;42;Bellaquita - Remix;Dalex, Lenny Tavárez, Anitta, Natti Natasha, Farruko, Justin Quiles;Modo Avión;1;304
Honduras;North America;43;Azul;J Balvin;Colores;0;205
Honduras;North America;44;Toosie Slide;Drake;Dark Lane Demo Tapes;1;247
Honduras;North America;45;Qué Maldición;Banda MS de Sergio Lizárraga, Snoop Dogg;Qué Maldición;0;203
Honduras;North America;46;Sigues Con El - Remix;Arcangel, Sech, Romeo Santos;Sigues Con El (Remix);0;189
Honduras;North America;47;Si Te Vas;Sech, Ozuna;1 of 1;0;204
Honduras;North America;48;Confía;Sech, Daddy Yankee;1 of 1;0;202
Honduras;North America;49;Infeliz;Arcangel, Bad Bunny;Historias de un Capricornio;0;221
Honduras;North America;50;Pero Ya No;Bad Bunny;YHLQMDLG;0;160
Hong Kong;Asia;1;Flossin';Big Loso;Flossin';1;119
Hong Kong;Asia;2;Y Ahora (feat. Alex Rose, Nengo Flow, Randy Nota Loka & Dalex);DNA, Alex Rose, Nengo Flow, Randy Nota Loka, Dalex;Y Ahora (feat. Alex Rose, Nengo Flow, Randy Nota Loka & Dalex);1;317
Hong Kong;Asia;3;X Celos;Damián V;X Celos;0;147
Hong Kong;Asia;4;Guaya Pared (feat. J-King y Maximan);DNA, J-King, Maximan;Guaya Pared (feat. J-King & Maximan);1;207
Hong Kong;Asia;5;Loveless;YNW Jordan, Kolé, Young Fay;Loveless;1;175
Hong Kong;Asia;6;Static Interruptions;Floating in Space - Project;Static Interruptions;0;349
Hong Kong;Asia;7;Soak up the Drip;PBE PLUTO;Soak up the Drip;1;192
Hong Kong;Asia;8;Lento y Sensual;Jt el Utility;Lento y Sensual;0;171
Hong Kong;Asia;9;Booty;Windy Guai;Booty;0;189
Hong Kong;Asia;10;"Piano Sonata No. 8 in C Minor, Op. 13, ""Pathétique"": II. Adagio cantabile";Shunji Itani;Beethoveniana Nr.1;0;268
Hong Kong;Asia;11;Tanha Nazar;Sirvan Khosravi;Tanha Nazar;0;235
Hong Kong;Asia;12;Emotional;MariKuroso, Olivier Decrouille;JOY;0;282
Hong Kong;Asia;13;Yesteday;Thee JAE;Yesteday;1;255
Hong Kong;Asia;14;GoGo Shred (feat. Ernie C, Johnny Hiland, Jordan Ziff, Johnny Blade & Oskar Cartaya);Mike Mostert & The GoGo Tuner Family, Ernie C, Johnny Blade, Johnny Hiland, Jordan Ziff, Oskar Cartaya;Mike Mostert & The GoGo Tuner Family;0;277
Hong Kong;Asia;15;Escape LA;Friday Santana;Escape LA;1;210
Hong Kong;Asia;16;Rainfall;Prince Bishop F;Rainfall;0;226
Hong Kong;Asia;17;This Side;Phantom Caine;Crying in Autotune;1;173
Hong Kong;Asia;18;Your Occlusion Unbound;From Under Concrete Kings;From Under Concrete Kings;1;272
Hong Kong;Asia;19;Luna;Dennis Fernando, Leonardo La Croix;Luna;0;199
Hong Kong;Asia;20;Destroyer;From Under Concrete Kings;Modus Exodus;0;251
Hong Kong;Asia;21;Sweet Night;V;ITAEWON CLASS (Original Television Soundtrack) Pt. 12;0;214
Hong Kong;Asia;22;Rain On Me (with Ariana Grande);Lady Gaga, Ariana Grande;Rain On Me (with Ariana Grande);0;182
Hong Kong;Asia;23;Advienne que pourra;Keyzs-Sean Sparsfa;16.20 (Phoenix);1;196
Hong Kong;Asia;24;Ex;Buunkin;W-UU;1;136
Hong Kong;Asia;25;Quimica;Bogart Bonales;Quimica;0;171
Hong Kong;Asia;26;Snakecrusher;From Under Concrete Kings;Modus Exodus;1;279
Hong Kong;Asia;27;Anywhere;Torito;Anywhere;1;196
Hong Kong;Asia;28;The Feeling;ED LIIT;The Feeling;0;159
Hong Kong;Asia;29;Runaway / Higher;Phantom Caine;Crying in Autotune;0;242
Hong Kong;Asia;30;Party Friends;Kiian;Party Friends;0;167
Hong Kong;Asia;31;Heart Attack;FAO>dino;Heart Attack;1;243
Hong Kong;Asia;32;P.Y.T;TG, Young Invent;Old Habits Never Die 2;1;166
Hong Kong;Asia;33;Rockstar;K Beezy;Rockstar;1;128
Hong Kong;Asia;34;Call on Me;James Worthy, Sonna;Blu Leisure;1;213
Hong Kong;Asia;35;The Kites;Luca Natale;The Kites;0;199
Hong Kong;Asia;36;Dying Inside;Zoee8;Dying Inside;1;139
Hong Kong;Asia;37;Super Mario Bros (Main Theme);Luca Natale;Super Mario Bros (Main Theme);0;111
Hong Kong;Asia;38;Presiento;Los Necesarios;Presiento;0;227
Hong Kong;Asia;39;Your Time;DeAnna Stealth;Your Time;0;189
Hong Kong;Asia;40;?????;Dear Jane;?????;0;232
Hong Kong;Asia;41;Press Play;JSnake, Nelis Joustra, Ray Bryan;Press Play;1;185
Hong Kong;Asia;42;Stuck with U (with Justin Bieber);Ariana Grande, Justin Bieber;Stuck with U;0;228
Hong Kong;Asia;43;Se acabó;Molina Molina;Se acabó;0;182
Hong Kong;Asia;44;Tik Tik Tok;Marli Space;Tik Tik Tok;0;168
Hong Kong;Asia;45;All Night;Mukaybin Mukayze;All Night;0;175
Hong Kong;Asia;46;"?????????(???""???""???)";831;"?????????(???""???""???)";0;239
Hong Kong;Asia;47;eight(Prod.&Feat. SUGA of BTS);IU, SUGA;eight;0;167
Hong Kong;Asia;48;Be Kind (with Halsey);Marshmello, Halsey;Be Kind (with Halsey);0;172
Hong Kong;Asia;49;????;Karen Mok;????;0;192
Hong Kong;Asia;50;Piano;Nova;Piano;1;173
Hungary;Europe;1;Roses - Imanbek Remix;SAINt JHN, Imanbek;Roses (Imanbek Remix);1;176
Hungary;Europe;2;Blinding Lights;The Weeknd;After Hours;0;200
Hungary;Europe;3;GOOBA;6ix9ine;GOOBA;1;132
Hungary;Europe;4;Breaking Me;Topic, A7S;Breaking Me;0;166
Hungary;Europe;5;ROCKSTAR (feat. Roddy Ricch);DaBaby, Roddy Ricch;BLAME IT ON BABY;1;181
Hungary;Europe;6;Rain On Me (with Ariana Grande);Lady Gaga, Ariana Grande;Rain On Me (with Ariana Grande);0;182
Hungary;Europe;7;THE SCOTTS;THE SCOTTS, Travis Scott, Kid Cudi;THE SCOTTS;1;165
Hungary;Europe;8;Dance Monkey;Tones And I;Dance Monkey (Stripped Back) / Dance Monkey;0;209
Hungary;Europe;9;Don't Start Now;Dua Lipa;Future Nostalgia;0;183
Hungary;Europe;10;Toosie Slide;Drake;Dark Lane Demo Tapes;1;247
Hungary;Europe;11;The Box;Roddy Ricch;Please Excuse Me For Being Antisocial;1;196
Hungary;Europe;12;Blueberry Faygo;Lil Mosey;Certified Hitmaker;1;162
Hungary;Europe;13;Break My Heart;Dua Lipa;Future Nostalgia;0;221
Hungary;Europe;14;Falling;Trevor Daniel;Nicotine;0;159
Hungary;Europe;15;Olyan ?;Bagossy Brothers Company;Veled Utazom;0;226
Hungary;Europe;16;Ride It;Regard;Ride It;0;157
Hungary;Europe;17;Boss Bitch;Doja Cat;Boss Bitch;0;134
Hungary;Europe;18;death bed (coffee for your head) (feat. beabadoobee);Powfu, beabadoobee;death bed (coffee for your head) (feat. beabadoobee);0;173
Hungary;Europe;19;goosebumps;Travis Scott;Birds In The Trap Sing McKnight;1;243
Hungary;Europe;20;ily (i love you baby) (feat. Emilee);Surf Mesa, Emilee;ily (i love you baby) (feat. Emilee);0;176
Hungary;Europe;21;bad guy;Billie Eilish;WHEN WE ALL FALL ASLEEP, WHERE DO WE GO?;0;194
Hungary;Europe;22;Tavasz;Follow The Flow;Tavasz;0;196
Hungary;Europe;23;Stuck with U (with Justin Bieber);Ariana Grande, Justin Bieber;Stuck with U;0;228
Hungary;Europe;24;Godzilla (feat. Juice WRLD);Eminem, Juice WRLD;Music To Be Murdered By;1;210
Hungary;Europe;25;HIGHEST IN THE ROOM;Travis Scott;HIGHEST IN THE ROOM;1;175
Hungary;Europe;26;SICKO MODE;Travis Scott;ASTROWORLD;1;312
Hungary;Europe;27;WHATS POPPIN;Jack Harlow;Sweet Action;1;139
Hungary;Europe;28;ROXANNE;Arizona Zervas;ROXANNE;1;163
Hungary;Europe;29;Lose Control;MEDUZA, Becky Hill, Goodboys;Lose Control;0;168
Hungary;Europe;30;Supalonely;BENEE, Gus Dapperton;STELLA & STEVE;1;223
Hungary;Europe;31;Physical;Dua Lipa;Future Nostalgia;0;193
Hungary;Europe;32;Señorita;Shawn Mendes, Camila Cabello;Shawn Mendes (Deluxe);0;190
Hungary;Europe;33;Circles;Post Malone;Hollywood's Bleeding;0;215
Hungary;Europe;34;Mostantól;Rácz Gergõ, Orsovai Reni;Mostantól;0;211
Hungary;Europe;35;Someone You Loved;Lewis Capaldi;Divinely Uninspired To A Hellish Extent;0;182
Hungary;Europe;36;Memories;Maroon 5;Memories;0;189
Hungary;Europe;37;Life Is Good (feat. Drake);Future, Drake;High Off Life;1;237
Hungary;Europe;38;Kings & Queens;Ava Max;Kings & Queens;0;162
Hungary;Europe;39;Party Girl;StaySolidRocky;Party Girl;0;147
Hungary;Europe;40;Watermelon Sugar;Harry Styles;Fine Line;0;174
Hungary;Europe;41;Be Kind (with Halsey);Marshmello, Halsey;Be Kind (with Halsey);0;172
Hungary;Europe;42;Lej;Dzsúdló, Lil Frakk;Fotofóbia;0;168
Hungary;Europe;43;Salt;Ava Max;Salt;0;180
Hungary;Europe;44;Play Date;Melanie Martinez;Cry Baby (Deluxe Edition);1;179
Hungary;Europe;45;In Your Eyes;The Weeknd;After Hours;1;237
Hungary;Europe;46;Sunday Best;Surfaces;Where the Light Is;0;158
Hungary;Europe;47;Feküdj ide;ByeAlex és a Slepp;Feküdj ide;0;151
Hungary;Europe;48;Intentions (feat. Quavo);Justin Bieber, Quavo;Changes;0;212
Hungary;Europe;49;Say So;Doja Cat;Hot Pink;1;237
Hungary;Europe;50;Lose Somebody;Kygo, OneRepublic;Lose Somebody;0;199
Iceland;Europe;1;ROCKSTAR (feat. Roddy Ricch);DaBaby, Roddy Ricch;BLAME IT ON BABY;1;181
Iceland;Europe;2;Blinding Lights;The Weeknd;After Hours;0;200
Iceland;Europe;3;Deyja Fyrir Stelpurnar Mínar;ClubDub, Ra:tio;Ég Myndi Deyja Fyrir Stelpurnar Mínar;0;192
Iceland;Europe;4;Esjan;BRÍET;Esjan;0;254
Iceland;Europe;5;Það bera sig allir vel;Helgi Björnsson;Það bera sig allir vel;0;247
Iceland;Europe;6;Think About Things;Daði Freyr;Think About Things;0;173
Iceland;Europe;7;In Your Eyes;The Weeknd;After Hours;1;237
Iceland;Europe;8;Í kvöld er gigg;Ingó Veðurguð;Í kvöld er gigg;0;195
Iceland;Europe;9;THE SCOTTS;THE SCOTTS, Travis Scott, Kid Cudi;THE SCOTTS;1;165
Iceland;Europe;10;GOOBA;6ix9ine;GOOBA;1;132
Iceland;Europe;11;Roses - Imanbek Remix;SAINt JHN, Imanbek;Roses (Imanbek Remix);1;176
Iceland;Europe;12;Heyrðu Mig;BRÍET;Heyrðu Mig;0;180
Iceland;Europe;13;Toosie Slide;Drake;Dark Lane Demo Tapes;1;247
Iceland;Europe;14;Stuck with U (with Justin Bieber);Ariana Grande, Justin Bieber;Stuck with U;0;228
Iceland;Europe;15;Rain On Me (with Ariana Grande);Lady Gaga, Ariana Grande;Rain On Me (with Ariana Grande);0;182
Iceland;Europe;16;Haltu Kjafti;Birgir Hákon, M Can, Tommy;Haltu Kjafti;0;128
Iceland;Europe;17;Píla (feat. Lil Binni);Joey Christ, Lil Binni;Píla (feat. Lil Binni);0;155
Iceland;Europe;18;Óska mér;JóiPé, Króli;Í miðjum kjarnorkuvetri;0;173
Iceland;Europe;19;Enginn eins og þú;Auður;Enginn eins og þú;0;181
Iceland;Europe;20;Breaking Me;Topic, A7S;Breaking Me;0;166
Iceland;Europe;21;Boss Bitch;Doja Cat;Boss Bitch;0;134
Iceland;Europe;22;Supalonely;BENEE, Gus Dapperton;STELLA & STEVE;1;223
Iceland;Europe;23;Blueberry Faygo;Lil Mosey;Certified Hitmaker;1;162
Iceland;Europe;24;Dance Monkey;Tones And I;Dance Monkey (Stripped Back) / Dance Monkey;0;209
Iceland;Europe;25;Sumargleðin (feat. Gummi Tóta & Ingó Veðurguð);Doctor Victor, Ingó Veðurguð, Gummi Tóta;Sumargleðin (feat. Gummi Tóta & Ingó Veðurguð);0;184
Iceland;Europe;26;Einn Tveir;Huginn, Friðrik Dór;Einn Tveir;0;200
Iceland;Europe;27;Don't Start Now;Dua Lipa;Future Nostalgia;0;183
Iceland;Europe;28;Malbik;Emmsjé Gauti, Króli;Malbik;0;195
Iceland;Europe;29;Intentions (feat. Quavo);Justin Bieber, Quavo;Changes;0;212
Iceland;Europe;30;Ég Er Svo Flottur;Séra Bjössi;Ég Er Svo Flottur;1;182
Iceland;Europe;31;After Party;Don Toliver;Heaven Or Hell;1;167
Iceland;Europe;32;Break My Heart;Dua Lipa;Future Nostalgia;0;221
Iceland;Europe;33;The Box;Roddy Ricch;Please Excuse Me For Being Antisocial;1;196
Iceland;Europe;34;On;JóiPé, Króli;Í miðjum kjarnorkuvetri;0;186
Iceland;Europe;35;Say So;Doja Cat;Hot Pink;1;237
Iceland;Europe;36;bad guy;Billie Eilish;WHEN WE ALL FALL ASLEEP, WHERE DO WE GO?;0;194
Iceland;Europe;37;Savage Remix (feat. Beyoncé);Megan Thee Stallion, Beyoncé;Savage Remix (feat. Beyoncé);1;242
Iceland;Europe;38;Life Is Good (feat. Drake);Future, Drake;High Off Life;1;237
Iceland;Europe;39;WHATS POPPIN;Jack Harlow;Sweet Action;1;139
Iceland;Europe;40;death bed (coffee for your head) (feat. beabadoobee);Powfu, beabadoobee;death bed (coffee for your head) (feat. beabadoobee);0;173
Iceland;Europe;41;goosebumps;Travis Scott;Birds In The Trap Sing McKnight;1;243
Iceland;Europe;42;Watermelon Sugar;Harry Styles;Fine Line;0;174
Iceland;Europe;43;Síðan hittumst við aftur;Helgi Björnsson;...syngur íslenskar dægurperlur ásamt gestum;0;235
Iceland;Europe;44;HIGHEST IN THE ROOM;Travis Scott;HIGHEST IN THE ROOM;1;175
Iceland;Europe;45;Shallow;Lady Gaga, Bradley Cooper;A Star Is Born Soundtrack;0;215
Iceland;Europe;46;Someone You Loved;Lewis Capaldi;Divinely Uninspired To A Hellish Extent;0;182
Iceland;Europe;47;Rómeó og Júlía;Bubbi Morthens;Kona;0;297
Iceland;Europe;48;Sunday Best;Surfaces;Where the Light Is;0;158
Iceland;Europe;49;Ofboðslega frægur;Stuðmenn;Hve glöð er vor æska;0;251
Iceland;Europe;50;Afgan;Bubbi Morthens;Fingraför;0;324
India;Asia;1;Shayad;Pritam, Arijit Singh;Love Aaj Kal (Original Motion Picture Soundtrack);0;247
India;Asia;2;Play Date;Melanie Martinez;Cry Baby (Deluxe Edition);1;179
India;Asia;3;Genda Phool (feat. Payal Dev);Badshah, Payal Dev;Genda Phool (feat. Payal Dev);0;170
India;Asia;4;death bed (coffee for your head) (feat. beabadoobee);Powfu, beabadoobee;death bed (coffee for your head) (feat. beabadoobee);0;173
India;Asia;5;"Malang (Title Track) [From ""Malang - Unleash The Madness""]";Ved Sharma;"Malang (Title Track) [From ""Malang - Unleash The Madness""]";0;287
India;Asia;6;Roses - Imanbek Remix;SAINt JHN, Imanbek;Roses (Imanbek Remix);1;176
India;Asia;7;"Ghungroo (From ""War"")";Arijit Singh, Shilpa Rao;"Ghungroo (From ""War"")";0;302
India;Asia;8;Blinding Lights;The Weeknd;After Hours;0;200
India;Asia;9;"Tujhe Kitna Chahne Lage (From ""Kabir Singh"")";Arijit Singh, Mithoon;"Tujhe Kitna Chahne Lage (From ""Kabir Singh"")";0;284
India;Asia;10;Falling;Trevor Daniel;Nicotine;0;159
India;Asia;11;Daechwita;Agust D;D-2;1;225
India;Asia;12;Illegal Weapon 2.0;Jasmine Sandlas, Garry Sandhu;Street Dancer 3D;0;188
India;Asia;13;Haan Main Galat;Pritam, Arijit Singh, Shashwat Singh;Love Aaj Kal (Original Motion Picture Soundtrack);0;218
India;Asia;14;Intentions (feat. Quavo);Justin Bieber, Quavo;Changes;0;212
India;Asia;15;Makhna;Tanishk Bagchi, Yasser Desai, Asees Kaur;"Makhna (From ""Drive"")";0;183
India;Asia;16;"Garmi (From ""Street Dancer 3D"") (feat. Varun Dhawan)";Badshah, Neha Kakkar, Varun Dhawan;"Garmi (From ""Street Dancer 3D"")";0;182
India;Asia;17;Stuck with U (with Justin Bieber);Ariana Grande, Justin Bieber;Stuck with U;0;228
India;Asia;18;"Tu Hi Yaar Mera (From ""Pati Patni Aur Woh"")";Rochak, Arijit Singh, Neha Kakkar, Rochak Kohli;"Tu Hi Yaar Mera (From ""Pati Patni Aur Woh"")";0;200
India;Asia;19;"Humraah (From ""Malang - Unleash The Madness"")";Sachet Tandon, The Fusion Project;"Humraah (From ""Malang - Unleash The Madness"")";0;299
India;Asia;20;Toosie Slide;Drake;Dark Lane Demo Tapes;1;247
India;Asia;21;Skechers;DripReport;Skechers;1;106
India;Asia;22;Memories;Maroon 5;Memories;0;189
India;Asia;23;Señorita;Shawn Mendes, Camila Cabello;Shawn Mendes (Deluxe);0;190
India;Asia;24;Dance Monkey;Tones And I;Dance Monkey (Stripped Back) / Dance Monkey;0;209
India;Asia;25;"Kaise Hua (From ""Kabir Singh"")";Vishal Mishra;"Kaise Hua (From ""Kabir Singh"")";0;234
India;Asia;26;ily (i love you baby) (feat. Emilee);Surf Mesa, Emilee;ily (i love you baby) (feat. Emilee);0;176
India;Asia;27;Pal Pal Dil Ke Paas- Title Track;Arijit Singh, Parampara Thakur;"Pal Pal Dil Ke Paas- Title Track (From ""Pal Pal Dil Ke Paas"")";0;254
India;Asia;28;"Mere Liye Tum Kaafi Ho (From ""Shubh Mangal Zyada Saavdhan"")";Ayushmann Khurrana, Tanishk-Vayu;"Mere Liye Tum Kaafi Ho (From ""Shubh Mangal Zyada Saavdhan"")";0;132
India;Asia;29;ROCKSTAR (feat. Roddy Ricch);DaBaby, Roddy Ricch;BLAME IT ON BABY;1;181
India;Asia;30;Mehrama;Pritam, Darshan Raval, Antara Mitra;Love Aaj Kal (Original Motion Picture Soundtrack);0;249
India;Asia;31;Liggi;Ritviz;Liggi;0;181
India;Asia;32;"Duniyaa (From ""Luka Chuppi"")";Akhil, Dhvani Bhanushali;Feel-Good Tum Jo Aaye;0;222
India;Asia;33;The Box;Roddy Ricch;Please Excuse Me For Being Antisocial;1;196
India;Asia;34;Don't Start Now;Dua Lipa;Future Nostalgia;0;183
India;Asia;35;Tere Naal;Tulsi Kumar, Darshan Raval;Tere Naal;0;198
India;Asia;36;"Bekhayali (From ""Kabir Singh"")";Sachet Tandon, Sachet-Parampara;"Bekhayali (From ""Kabir Singh"")";0;371
India;Asia;37;"Tera Ban Jaunga (From ""Kabir Singh"")";Akhil Sachdeva, Tulsi Kumar;Best Of Akhil Sachdeva;0;236
India;Asia;38;Ve Maahi;Arijit Singh, Asees Kaur;The Asees Kaur Collection;0;223
India;Asia;39;Yaad Piya Ki Aane Lagi;Neha Kakkar, Tanishk Bagchi, Lalit Sen;Yaad Piya Ki Aane Lagi;0;256
India;Asia;40;"Mere Sohneya (From ""Kabir Singh"")";Sachet Tandon, Parampara Thakur, Sachet-Parampara;"Mere Sohneya (From ""Kabir Singh"")";0;193
India;Asia;41;Rain On Me (with Ariana Grande);Lady Gaga, Ariana Grande;Rain On Me (with Ariana Grande);0;182
India;Asia;42;Kuch Bhi Ho Jaye;B Praak;Kuch Bhi Ho Jaye;0;274
India;Asia;43;"Lagdi Lahore Di (From ""Street Dancer 3D"")";Guru Randhawa, Tulsi Kumar;Enchantic Tulsi Kumar;0;215
India;Asia;44;"Agar Tum Saath Ho (From ""Tamasha"")";Alka Yagnik, Arijit Singh;Loveholic Arijit Singh;0;341
India;Asia;45;Be Kind (with Halsey);Marshmello, Halsey;Be Kind (with Halsey);0;172
India;Asia;46;"Tum Hi Aana (From ""Marjaavaan"")";Payal Dev, Jubin Nautiyal;"Tum Hi Aana (From ""Marjaavaan"")";0;249
India;Asia;47;Yummy;Justin Bieber;Changes;0;208
India;Asia;48;ROXANNE;Arizona Zervas;ROXANNE;1;163
India;Asia;49;"Muqabla (From ""Street Dancer 3D"")";Yash Narvekar, Parampara Thakur, Tanishk Bagchi;"Muqabla (From ""Street Dancer 3D"")";0;176
India;Asia;50;"Chal Ghar Chalen (From ""Malang - Unleash The Madness"") [Mithoon feat. Arijit Singh]";Mithoon, Arijit Singh;"Chal Ghar Chalen (From ""Malang - Unleash The Madness"") [Mithoon feat. Arijit Singh]";0;340
Indonesia;Asia;1;LATHI (???);Weird Genius, Sara Fajira;LATHI (???);0;188
Indonesia;Asia;2;Play Date;Melanie Martinez;Cry Baby (Deluxe Edition);1;179
Indonesia;Asia;3;death bed (coffee for your head) (feat. beabadoobee);Powfu, beabadoobee;death bed (coffee for your head) (feat. beabadoobee);0;173
Indonesia;Asia;4;Surrender;Natalie Taylor;Surrender;0;183
Indonesia;Asia;5;Someone You Loved;Lewis Capaldi;Divinely Uninspired To A Hellish Extent;0;182
Indonesia;Asia;6;Intentions (feat. Quavo);Justin Bieber, Quavo;Changes;0;212
Indonesia;Asia;7;One Only;Pamungkas;Walk The Talk;0;255
Indonesia;Asia;8;Stuck with U (with Justin Bieber);Ariana Grande, Justin Bieber;Stuck with U;0;228
Indonesia;Asia;9;Bentuk Cinta;Eclat Story;Cerita;0;263
Indonesia;Asia;10;Takbiran - Version 1;Ustad Jefri Al Buchori, H. Aswan Faisal;Takbiran;0;756
Indonesia;Asia;11;Supalonely;BENEE, Gus Dapperton;STELLA & STEVE;1;223
Indonesia;Asia;12;Make You Mine;PUBLIC;Make You Mine;0;232
Indonesia;Asia;13;eight(Prod.&Feat. SUGA of BTS);IU, SUGA;eight;0;167
Indonesia;Asia;14;Pura Pura Lupa;Mahen;Pura Pura Lupa;0;246
Indonesia;Asia;15;Falling;Trevor Daniel;Nicotine;0;159
Indonesia;Asia;16;Sunday Best;Surfaces;Where the Light Is;0;158
Indonesia;Asia;17;Secukupnya;Hindia;Menari Dengan Bayangan;0;205
Indonesia;Asia;18;Takbiran - Version 2;Ustad Jefri Al Buchori, H. Aswan Faisal;Takbiran;0;778
Indonesia;Asia;19;Alone, Pt. II;Alan Walker, Ava Max;Alone, Pt. II;0;179
Indonesia;Asia;20;Memories;Maroon 5;Memories;0;189
Indonesia;Asia;21;Kenangan Manis;Pamungkas;Walk The Talk;0;207
Indonesia;Asia;22;I Like You So Much, You'll Know It;Honey Jemlan;Lost In Music;0;199
Indonesia;Asia;23;ily (i love you baby) (feat. Emilee);Surf Mesa, Emilee;ily (i love you baby) (feat. Emilee);0;176
Indonesia;Asia;24;Terlalu Cinta;Rossa;Yang Terpilih;0;248
Indonesia;Asia;25;Waktu Yang Salah;Fiersa Besari, Thantri;Tempat Aku Pulang;0;325
Indonesia;Asia;26;Lebih Dari Egoku;Mawar De Jongh;Lebih Dari Egoku;0;249
Indonesia;Asia;27;Daechwita;Agust D;D-2;1;225
Indonesia;Asia;28;ROXANNE;Arizona Zervas;ROXANNE;1;163
Indonesia;Asia;29;Perlahan;GUYON WATON;Perlahan;0;300
Indonesia;Asia;30;Pelukku Untuk Pelikmu - OST Imperfect: Karier, Cinta, & Timbangan;Fiersa Besari;Pelukku Untuk Pelikmu (OST Imperfect: Karier, Cinta, & Timbangan);0;249
Indonesia;Asia;31;Don't Start Now;Dua Lipa;Future Nostalgia;0;183
Indonesia;Asia;32;Toosie Slide;Drake;Dark Lane Demo Tapes;1;247
Indonesia;Asia;33;Rain On Me (with Ariana Grande);Lady Gaga, Ariana Grande;Rain On Me (with Ariana Grande);0;182
Indonesia;Asia;34;Sedang Sayang Sayangnya;Mawar De Jongh;Sedang Sayang Sayangnya;0;261
Indonesia;Asia;35;Bad Liar;Anna Hamilton;Bad Liar;0;248
Indonesia;Asia;36;Yummy;Justin Bieber;Changes;0;208
Indonesia;Asia;37;Like That (feat. Gucci Mane);Doja Cat, Gucci Mane;Hot Pink;1;163
Indonesia;Asia;38;Rayu;Marion Jola, Laleilmanino;Marion;0;221
Indonesia;Asia;39;Bad Liar;Imagine Dragons;Origins (Deluxe);0;260
Indonesia;Asia;40;Blueberry Faygo;Lil Mosey;Certified Hitmaker;1;162
Indonesia;Asia;41;Can't You See Me?;TOMORROW X TOGETHER;The Dream Chapter: ETERNITY;0;201
Indonesia;Asia;42;Savage Remix (feat. Beyoncé);Megan Thee Stallion, Beyoncé;Savage Remix (feat. Beyoncé);1;242
Indonesia;Asia;43;Nyaman;Andmesh;Cinta Luar Biasa;0;226
Indonesia;Asia;44;Halu;Feby Putri;Halu;0;265
Indonesia;Asia;45;Sekali Ini Saja;Glenn Fredly;Selamat Pagi, Dunia!;0;235
Indonesia;Asia;46;Can We Kiss Forever?;Kina, Adriana Proenza;Can We Kiss Forever?;0;187
Indonesia;Asia;47;I Love You but I'm Letting Go;Pamungkas;Walk The Talk;0;220
Indonesia;Asia;48;bitterlove;Ardhito Pramono;bitterlove;0;216
Indonesia;Asia;49;Punch;NCT 127;NCT #127 Neo Zone: The Final Round - The 2nd Album Repackage;0;204
Indonesia;Asia;50;Blinding Lights;The Weeknd;After Hours;0;200
Ireland;Europe;1;ROCKSTAR (feat. Roddy Ricch);DaBaby, Roddy Ricch;BLAME IT ON BABY;1;181
Ireland;Europe;2;Rain On Me (with Ariana Grande);Lady Gaga, Ariana Grande;Rain On Me (with Ariana Grande);0;182
Ireland;Europe;3;Blinding Lights;The Weeknd;After Hours;0;200
Ireland;Europe;4;Roses - Imanbek Remix;SAINt JHN, Imanbek;Roses (Imanbek Remix);1;176
Ireland;Europe;5;Think About Things;Daði Freyr;Think About Things;0;173
Ireland;Europe;6;Toosie Slide;Drake;Dark Lane Demo Tapes;1;247
Ireland;Europe;7;Rover (feat. DTG);S1mba, DTG;Rover (feat. DTG);1;167
Ireland;Europe;8;Blueberry Faygo;Lil Mosey;Certified Hitmaker;1;162
Ireland;Europe;9;Stuck with U (with Justin Bieber);Ariana Grande, Justin Bieber;Stuck with U;0;228
Ireland;Europe;10;Break My Heart;Dua Lipa;Future Nostalgia;0;221
Ireland;Europe;11;death bed (coffee for your head) (feat. beabadoobee);Powfu, beabadoobee;death bed (coffee for your head) (feat. beabadoobee);0;173
Ireland;Europe;12;THE SCOTTS;THE SCOTTS, Travis Scott, Kid Cudi;THE SCOTTS;1;165
Ireland;Europe;13;Say So (feat. Nicki Minaj);Doja Cat, Nicki Minaj;Say So (feat. Nicki Minaj);1;206
Ireland;Europe;14;Lonely;Joel Corry;Lonely;0;190
Ireland;Europe;15;Watermelon Sugar;Harry Styles;Fine Line;0;174
Ireland;Europe;16;Don't Start Now;Dua Lipa;Future Nostalgia;0;183
Ireland;Europe;17;Rain;Aitch, AJ Tracey, Tay Keith;Rain;1;183
Ireland;Europe;18;Savage Remix (feat. Beyoncé);Megan Thee Stallion, Beyoncé;Savage Remix (feat. Beyoncé);1;242
Ireland;Europe;19;Supalonely;BENEE, Gus Dapperton;STELLA & STEVE;1;223
Ireland;Europe;20;GOOBA;6ix9ine;GOOBA;1;132
Ireland;Europe;21;Dance Monkey;Tones And I;Dance Monkey (Stripped Back) / Dance Monkey;0;209
Ireland;Europe;22;Boss Bitch;Doja Cat;Boss Bitch;0;134
Ireland;Europe;23;Someone You Loved;Lewis Capaldi;Divinely Uninspired To A Hellish Extent;0;182
Ireland;Europe;24;Before You Go;Lewis Capaldi;Divinely Uninspired To A Hellish Extent (Extended Edition);0;215
Ireland;Europe;25;The Box;Roddy Ricch;Please Excuse Me For Being Antisocial;1;196
Ireland;Europe;26;Breaking Me;Topic, A7S;Breaking Me;0;166
Ireland;Europe;27;Flowers (feat. Jaykae);Nathan Dawe, Jaykae;Flowers (feat. Jaykae);0;197
Ireland;Europe;28;Houdini (feat. Swarmz & Tion Wayne);KSI, Tion Wayne, Swarmz;Dissimulation;1;168
Ireland;Europe;29;Party Girl;StaySolidRocky;Party Girl;0;147
Ireland;Europe;30;Adore You;Harry Styles;Fine Line;0;207
Ireland;Europe;31;Physical;Dua Lipa;Future Nostalgia;0;193
Ireland;Europe;32;Say So;Doja Cat;Hot Pink;1;237
Ireland;Europe;33;ily (i love you baby) (feat. Emilee);Surf Mesa, Emilee;ily (i love you baby) (feat. Emilee);0;176
Ireland;Europe;34;Dinner Guest (feat. MoStack);AJ Tracey, MoStack;Dinner Guest (feat. MoStack);1;198
Ireland;Europe;35;Intentions (feat. Quavo);Justin Bieber, Quavo;Changes;0;212
Ireland;Europe;36;If the World Was Ending - feat. Julia Michaels;JP Saxe, Julia Michaels;If the World Was Ending (feat. Julia Michaels);0;208
Ireland;Europe;37;After Party;Don Toliver;Heaven Or Hell;1;167
Ireland;Europe;38;Circles;Post Malone;Hollywood's Bleeding;0;215
Ireland;Europe;39;Pour the Milk;Robbie Doherty, Keees.;Pour the Milk;0;172
Ireland;Europe;40;Falling;Harry Styles;Fine Line;0;240
Ireland;Europe;41;Break Up Song;Little Mix;Break Up Song;0;200
Ireland;Europe;42;Tequila - Jax Jones & Martin Solveig Present Europa;Jax Jones, Martin Solveig, RAYE, Europa;Snacks (Supersize);1;210
Ireland;Europe;43;WHATS POPPIN;Jack Harlow;Sweet Action;1;139
Ireland;Europe;44;Outnumbered;Dermot Kennedy;Without Fear;0;245
Ireland;Europe;45;No Judgement;Niall Horan;Heartbreak Weather;0;176
Ireland;Europe;46;Boyfriend;Mabel;High Expectations;0;225
Ireland;Europe;47;Life Is Good (feat. Drake);Future, Drake;High Off Life;1;237
Ireland;Europe;48;Cap (feat. Offset);KSI, Offset;Dissimulation;1;191
Ireland;Europe;49;goosebumps;Travis Scott;Birds In The Trap Sing McKnight;1;243
Ireland;Europe;50;Killa Killa (feat. Aiyana Lee);KSI, Aiyana-Lee;Dissimulation;1;151
Israel;Asia;1;Blinding Lights;The Weeknd;After Hours;0;200
Israel;Asia;2;Toosie Slide;Drake;Dark Lane Demo Tapes;1;247
Israel;Asia;3;Dance Monkey;Tones And I;Dance Monkey (Stripped Back) / Dance Monkey;0;209
Israel;Asia;4;THE SCOTTS;THE SCOTTS, Travis Scott, Kid Cudi;THE SCOTTS;1;165
Israel;Asia;5;Roses - Imanbek Remix;SAINt JHN, Imanbek;Roses (Imanbek Remix);1;176
Israel;Asia;6;???? ???;Dudu Faruk;???? ???;0;132
Israel;Asia;7;Rain On Me (with Ariana Grande);Lady Gaga, Ariana Grande;Rain On Me (with Ariana Grande);0;182
Israel;Asia;8;ROCKSTAR (feat. Roddy Ricch);DaBaby, Roddy Ricch;BLAME IT ON BABY;1;181
Israel;Asia;9;Don't Start Now;Dua Lipa;Future Nostalgia;0;183
Israel;Asia;10;?? ???? ??;Eden Hason;?? ???? ??;0;169
Israel;Asia;11;???;Eliad;???;0;207
Israel;Asia;12;???? ?????;Hanan Ben Ari;???? ?????;0;215
Israel;Asia;13;?? ????;Hanan Ben Ari;?? ????;0;176
Israel;Asia;14;The Box;Roddy Ricch;Please Excuse Me For Being Antisocial;1;196
Israel;Asia;15;??? ??????;Itay Levi;??? ??????;0;203
Israel;Asia;16;Stuck with U (with Justin Bieber);Ariana Grande, Justin Bieber;Stuck with U;0;228
Israel;Asia;17;???? ??;Nathan Goshen, Ishay Ribo;???? ?????;0;207
Israel;Asia;18;Break My Heart;Dua Lipa;Future Nostalgia;0;221
Israel;Asia;19;death bed (coffee for your head) (feat. beabadoobee);Powfu, beabadoobee;death bed (coffee for your head) (feat. beabadoobee);0;173
Israel;Asia;20;Blueberry Faygo;Lil Mosey;Certified Hitmaker;1;162
Israel;Asia;21;Señorita;Shawn Mendes, Camila Cabello;Shawn Mendes (Deluxe);0;190
Israel;Asia;22;???? ?????;Ishay Ribo;??? ????;0;197
Israel;Asia;23;Life Is Good (feat. Drake);Future, Drake;High Off Life;1;237
Israel;Asia;24;Falling;Trevor Daniel;Nicotine;0;159
Israel;Asia;25;GOOBA;6ix9ine;GOOBA;1;132
Israel;Asia;26;In Your Eyes;The Weeknd;After Hours;1;237
Israel;Asia;27;goosebumps;Travis Scott;Birds In The Trap Sing McKnight;1;243
Israel;Asia;28;SICKO MODE;Travis Scott;ASTROWORLD;1;312
Israel;Asia;29;bad guy;Billie Eilish;WHEN WE ALL FALL ASLEEP, WHERE DO WE GO?;0;194
Israel;Asia;30;??? ???? ????????;Eden Hason;?????? ????? ????;0;184
Israel;Asia;31;Someone You Loved;Lewis Capaldi;Divinely Uninspired To A Hellish Extent;0;182
Israel;Asia;32;???? ??????;Omer Adam;????;0;172
Israel;Asia;33;??? ?????;Idan Amedi;??? ?????;0;223
Israel;Asia;34;????? ???? ???;Benaia Barabi;????? ???? ???;0;218
Israel;Asia;35;HIGHEST IN THE ROOM;Travis Scott;HIGHEST IN THE ROOM;1;175
Israel;Asia;36;Ve'Eem Tavo'ee Elay (And If You Will Come To Me);Idan Raichel;And If You Will Come To Me;0;212
Israel;Asia;37;?????;Eden Ben Zaken;?????;0;189
Israel;Asia;38;ROXANNE;Arizona Zervas;ROXANNE;1;163
Israel;Asia;39;????;Eden Hason;????;0;163
Israel;Asia;40;Sunday Best;Surfaces;Where the Light Is;0;158
Israel;Asia;41;??? ???;Ishay Ribo;???? ?????;0;239
Israel;Asia;42;???? ???????;Agam Buhbut, Gal Adam;???? ???????;0;168
Israel;Asia;43;??? ?? ?????;Eyal Golan, Benaia Barabi;???? ?????? - ??? ???;0;191
Israel;Asia;44;???????;Nathan Goshen;???? ?????;0;181
Israel;Asia;45;?? ??? ???;Noa Kirel;?? ??? ???;0;195
Israel;Asia;46;Intentions (feat. Quavo);Justin Bieber, Quavo;Changes;0;212
Israel;Asia;47;Circles;Post Malone;Hollywood's Bleeding;0;215
Israel;Asia;48;?? ???;Eviatar Banai;???? ???? ????;0;267
Israel;Asia;49;Godzilla (feat. Juice WRLD);Eminem, Juice WRLD;Music To Be Murdered By;1;210
Israel;Asia;50;???;Hanan Ben Ari;???;0;238
Italy;Europe;1;Good Times;Ghali;DNA;0;163
Italy;Europe;2;Mediterranea;Irama;Mediterranea;0;177
Italy;Europe;3;ELEGANTE (feat. Sfera Ebbasta);DrefGold, Sfera Ebbasta;ELO;1;220
Italy;Europe;4;Spigoli;Carl Brave, Mara Sattei, tha Supreme;Spigoli;0;256
Italy;Europe;5;MAMACITA;Black Eyed Peas, Ozuna, J. Rey Soul;MAMACITA;1;249
Italy;Europe;6;Fiori di Chernobyl;Mr.Rain;Fiori di Chernobyl;0;175
Italy;Europe;7;Roses - Imanbek Remix;SAINt JHN, Imanbek;Roses (Imanbek Remix);1;176
Italy;Europe;8;Auto Blu;Shiva, Eiffel 65;Auto Blu;1;166
Italy;Europe;9;death bed (coffee for your head) (feat. beabadoobee);Powfu, beabadoobee;death bed (coffee for your head) (feat. beabadoobee);0;173
Italy;Europe;10;Il bacio di Klimt;Emanuele Aloia;Il bacio di Klimt;0;177
Italy;Europe;11;GOOBA;6ix9ine;GOOBA;1;132
Italy;Europe;12;TesTa TrA Le NuVoLE, pT. 2;Alfa, Yanomi;TesTa TrA Le NuVoLE, pT. 2;0;180
Italy;Europe;13;Nena (feat. Geolier & Andry The Hitmaker);Boro Boro, Geolier, Andry The Hitmaker;Nena (feat. Geolier & Andry The Hitmaker);1;149
Italy;Europe;14;OPPS (feat. Capo Plaza);DrefGold, Capo Plaza;ELO;1;194
Italy;Europe;15;Problemi Con Tutti (Giuda);Fedez;Problemi Con Tutti (Giuda);0;134
Italy;Europe;16;Tusa;KAROL G, Nicki Minaj;Tusa;0;200
Italy;Europe;17;Blinding Lights;The Weeknd;After Hours;0;200
Italy;Europe;18;Chega;Gaia;Genesi;0;184
Italy;Europe;19;Boogieman (feat. Salmo);Ghali, Salmo;DNA;1;159
Italy;Europe;20;THE SCOTTS;THE SCOTTS, Travis Scott, Kid Cudi;THE SCOTTS;1;165
Italy;Europe;21;Le Feste Di Pablo (con Fedez);CARA, Fedez;Le Feste Di Pablo (con Fedez);0;193
Italy;Europe;22;Per sentirmi vivo;Fasma, GG;Io sono Fasma;0;177
Italy;Europe;23;ENJOY (feat. Tedua);DrefGold, Tedua;ELO;1;187
Italy;Europe;24;Moonlight Popolare (feat. Massimo Pericolo);Mahmood, Massimo Pericolo;Moonlight Popolare (feat. Massimo Pericolo);0;215
Italy;Europe;25;Una volta ancora (feat. Ana Mena);Fred De Palma, Ana Mena;Uebe;0;174
Italy;Europe;26;Dilemme (with tha Supreme & Mara Sattei);Lous and The Yakuza, tha Supreme, Mara Sattei;Dilemme (with tha Supreme & Mara Sattei);0;231
Italy;Europe;27;Rapide;Mahmood;Rapide;0;243
Italy;Europe;28;blun7 a swishland;tha Supreme;23 6451;1;167
Italy;Europe;29;PUSSY (feat. Lazza & Salmo);Dark Polo Gang, Tony Effe, Lazza, Salmo;DARK BOYS CLUB;1;161
Italy;Europe;30;Toosie Slide;Drake;Dark Lane Demo Tapes;1;247
Italy;Europe;31;AMIRI BOYS (feat. Capo Plaza);Dark Polo Gang, Tony Effe, Capo Plaza;DARK BOYS CLUB;1;155
Italy;Europe;32;SNITCH E IMPICCI (feat. FSK SATELLITE);DrefGold, FSK SATELLITE;ELO;1;202
Italy;Europe;33;Bando;ANNA;Bando;0;168
Italy;Europe;34;Missili;Frah Quintale, Giorgio Poi;Lungolinea.;0;195
Italy;Europe;35;ROCKSTAR (feat. Roddy Ricch);DaBaby, Roddy Ricch;BLAME IT ON BABY;1;181
Italy;Europe;36;Boss Bitch;Doja Cat;Boss Bitch;0;134
Italy;Europe;37;goosebumps;Travis Scott;Birds In The Trap Sing McKnight;1;243
Italy;Europe;38;Chiasso;Random;Chiasso;0;182
Italy;Europe;39;Ringo Starr;Pinguini Tattici Nucleari;Fuori dall'Hype Ringo Starr;0;183
Italy;Europe;40;BANKROLL (feat. Luchè);DrefGold, Luche;ELO;1;166
Italy;Europe;41;SICKO MODE;Travis Scott;ASTROWORLD;1;312
Italy;Europe;42;Rain On Me (with Ariana Grande);Lady Gaga, Ariana Grande;Rain On Me (with Ariana Grande);0;182
Italy;Europe;43;16 Marzo (feat. Gow Tribe);Achille Lauro, Gow Tribe;16 Marzo (feat. Gow Tribe);0;233
Italy;Europe;44;Musica (E Il Resto Scompare);Elettra Lamborghini;Twerking Queen;0;194
Italy;Europe;45;Ti volevo dedicare (feat. J-AX & Boomdabash);Rocco Hunt, J-AX, Boomdabash;Libertà;0;208
Italy;Europe;46;ZERO+ZERO (feat. Lazza);DrefGold, Lazza;ELO;1;150
Italy;Europe;47;Dance Monkey;Tones And I;Dance Monkey (Stripped Back) / Dance Monkey;0;209
Italy;Europe;48;Sono un bravo ragazzo un po' fuori di testa;Random;Sono un bravo ragazzo un po' fuori di testa;0;170
Italy;Europe;49;El Efecto;Rauw Alejandro, Chencho Corleone;El Efecto;0;217
Italy;Europe;50;NEON - Le Ali (feat. Elisa);Marracash, Elisa;Persona;1;207
Japan;Asia;1;?????;YOASOBI;?????;0;261
Japan;Asia;2;Pretender;Official HIGE DANdism;Traveler;0;326
Japan;Asia;3;kousui;Eito;kousui;0;252
Japan;Asia;4;I Love...;Official HIGE DANdism;I Love...;0;282
Japan;Asia;5;Hakujitsu;King Gnu;Ceremony;0;276
Japan;Asia;6;Shukumei;Official HIGE DANdism;Traveler;0;280
Japan;Asia;7;115????????;Official HIGE DANdism;???????;0;324
Japan;Asia;8;Gurenge;LiSA;Gurenge;0;238
Japan;Asia;9;Yesterday;Official HIGE DANdism;Traveler;0;299
Japan;Asia;10;?????;Official HIGE DANdism;???????;0;202
Japan;Asia;11;Machigaisagashi;Masaki Suda;LOVE;0;223
Japan;Asia;12;Marigold;Aimyon;Momentary Sixth Sense;0;306
Japan;Asia;13;??????;Yorushika;??????????????;0;198
Japan;Asia;14;snow jam;Rin?;snow jam;0;184
Japan;Asia;15;Parabola;Official HIGE DANdism;Parabola;0;301
Japan;Asia;16;Sayonara Elegy;Masaki Suda;Play;0;257
Japan;Asia;17;????;Mrs. GREEN APPLE;Attitude;0;321
Japan;Asia;18;Harunohi;Aimyon;Harunohi;0;326
Japan;Asia;19;???????;back number;???????;0;294
Japan;Asia;20;Walking with you;Novelbright;SKYWALK;0;223
Japan;Asia;21;??????;Mrs. GREEN APPLE;Attitude;0;211
Japan;Asia;22;Stand By You;Official HIGE DANdism;Traveler;0;256
Japan;Asia;23;????;Mrs. GREEN APPLE, Sonoko Inoue;???;0;307
Japan;Asia;24;???;Mrs. GREEN APPLE;Attitude;0;270
Japan;Asia;25;Anataga Iru Kotode;Uru;Orion Blue (Special Edition);0;316
Japan;Asia;26;???;Aimyon;???;0;296
Japan;Asia;27;??????????;Aimyon;???????????;0;246
Japan;Asia;28;Hikoutei;King Gnu;Ceremony;0;260
Japan;Asia;29;???;Leo Ieiri;???;0;240
Japan;Asia;30;bad guy;Billie Eilish;WHEN WE ALL FALL ASLEEP, WHERE DO WE GO?;0;194
Japan;Asia;31;KAIBUTSUSAN (feat. Aimyon);Ken Hirai, Aimyon;KAIBUTSUSAN (feat. Aimyon);0;244
Japan;Asia;32;Doron;King Gnu;Ceremony;0;182
Japan;Asia;33;???????;Mrs. GREEN APPLE;Attitude;0;213
Japan;Asia;34;No Regret;wacci;Gunjo Refrain;0;304
Japan;Asia;35;Teenager Forever;King Gnu;Ceremony;0;189
Japan;Asia;36;HANABI;Mr.Children;SUPERMARKET FANTASY;0;342
Japan;Asia;37;Let the Night;Aimyon;Momentary Sixth Sense;0;238
Japan;Asia;38;?(???);Sukima Switch;?????;0;328
Japan;Asia;39;???????;back number;?????;0;314
Japan;Asia;40;Time;Hikaru Utada;Time;0;297
Japan;Asia;41;Turning Up;ARASHI;Turning Up;0;182
Japan;Asia;42;???????;MONGOL800;MESSAGE;0;222
Japan;Asia;43;366?;HY;HeartY;0;352
Japan;Asia;44;?????;[Alexandros];ALXD;0;248
Japan;Asia;45;Wherever you are;ONE OK ROCK;Niche Syndrome;0;295
Japan;Asia;46;Vintage;Official HIGE DANdism;Traveler;0;252
Japan;Asia;47;Umbrella;King Gnu;Ceremony;0;203
Japan;Asia;48;????;DAOKO, Kenshi Yonezu;THANK YOU BLUE;0;289
Japan;Asia;49;Closer - Tokyo Remix;The Chainsmokers, Mackenyu Arata;World War Joy (Japan Edition);0;246
Japan;Asia;50;????????;Superfly;LOVE, PEACE & FIRE;0;296
Latvia;Europe;1;Roses - Imanbek Remix;SAINt JHN, Imanbek;Roses (Imanbek Remix);1;176
Latvia;Europe;2;Blinding Lights;The Weeknd;After Hours;0;200
Latvia;Europe;3;ROCKSTAR (feat. Roddy Ricch);DaBaby, Roddy Ricch;BLAME IT ON BABY;1;181
Latvia;Europe;4;GOOBA;6ix9ine;GOOBA;1;132
Latvia;Europe;5;THE SCOTTS;THE SCOTTS, Travis Scott, Kid Cudi;THE SCOTTS;1;165
Latvia;Europe;6;Rain On Me (with Ariana Grande);Lady Gaga, Ariana Grande;Rain On Me (with Ariana Grande);0;182
Latvia;Europe;7;Toosie Slide;Drake;Dark Lane Demo Tapes;1;247
Latvia;Europe;8;The Box;Roddy Ricch;Please Excuse Me For Being Antisocial;1;196
Latvia;Europe;9;Blueberry Faygo;Lil Mosey;Certified Hitmaker;1;162
Latvia;Europe;10;death bed (coffee for your head) (feat. beabadoobee);Powfu, beabadoobee;death bed (coffee for your head) (feat. beabadoobee);0;173
Latvia;Europe;11;WHATS POPPIN;Jack Harlow;Sweet Action;1;139
Latvia;Europe;12;ily (i love you baby) (feat. Emilee);Surf Mesa, Emilee;ily (i love you baby) (feat. Emilee);0;176
Latvia;Europe;13;Sunday Best;Surfaces;Where the Light Is;0;158
Latvia;Europe;14;Don't Start Now;Dua Lipa;Future Nostalgia;0;183
Latvia;Europe;15;Watermelon Sugar;Harry Styles;Fine Line;0;174
Latvia;Europe;16;Falling;Trevor Daniel;Nicotine;0;159
Latvia;Europe;17;Boss Bitch;Doja Cat;Boss Bitch;0;134
Latvia;Europe;18;Supalonely;BENEE, Gus Dapperton;STELLA & STEVE;1;223
Latvia;Europe;19;Circles;Post Malone;Hollywood's Bleeding;0;215
Latvia;Europe;20;After Party;Don Toliver;Heaven Or Hell;1;167
Latvia;Europe;21;HIGHEST IN THE ROOM;Travis Scott;HIGHEST IN THE ROOM;1;175
Latvia;Europe;22;Life Is Good (feat. Drake);Future, Drake;High Off Life;1;237
Latvia;Europe;23;Break My Heart;Dua Lipa;Future Nostalgia;0;221
Latvia;Europe;24;In Your Eyes;The Weeknd;After Hours;1;237
Latvia;Europe;25;Breaking Me;Topic, A7S;Breaking Me;0;166
Latvia;Europe;26;Say So;Doja Cat;Hot Pink;1;237
Latvia;Europe;27;Stuck with U (with Justin Bieber);Ariana Grande, Justin Bieber;Stuck with U;0;228
Latvia;Europe;28;Party Girl;StaySolidRocky;Party Girl;0;147
Latvia;Europe;29;Dance Monkey;Tones And I;Dance Monkey (Stripped Back) / Dance Monkey;0;209
Latvia;Europe;30;ROXANNE;Arizona Zervas;ROXANNE;1;163
Latvia;Europe;31;Adore You;Harry Styles;Fine Line;0;207
Latvia;Europe;32;Daechwita;Agust D;D-2;1;225
Latvia;Europe;33;goosebumps;Travis Scott;Birds In The Trap Sing McKnight;1;243
Latvia;Europe;34;Play Date;Melanie Martinez;Cry Baby (Deluxe Edition);1;179
Latvia;Europe;35;Be Kind (with Halsey);Marshmello, Halsey;Be Kind (with Halsey);0;172
Latvia;Europe;36;Righteous;Juice WRLD;Righteous;1;243
Latvia;Europe;37;everything i wanted;Billie Eilish;everything i wanted;0;245
Latvia;Europe;38;Intentions (feat. Quavo);Justin Bieber, Quavo;Changes;0;212
Latvia;Europe;39;Say So (feat. Nicki Minaj);Doja Cat, Nicki Minaj;Say So (feat. Nicki Minaj);1;206
Latvia;Europe;40;SICKO MODE;Travis Scott;ASTROWORLD;1;312
Latvia;Europe;41;bad guy;Billie Eilish;WHEN WE ALL FALL ASLEEP, WHERE DO WE GO?;0;194
Latvia;Europe;42;Godzilla (feat. Juice WRLD);Eminem, Juice WRLD;Music To Be Murdered By;1;210
Latvia;Europe;43;I Got Love;MiyaGi & Endspiel, Rem Digga;I Got Love;0;276
Latvia;Europe;44;Skechers;DripReport;Skechers;1;106
Latvia;Europe;45;Know Your Worth;Khalid, Disclosure;Know Your Worth;0;181
Latvia;Europe;46;Ride It;Regard;Ride It;0;157
Latvia;Europe;47;Salt;Ava Max;Salt;0;180
Latvia;Europe;48;Savage Remix (feat. Beyoncé);Megan Thee Stallion, Beyoncé;Savage Remix (feat. Beyoncé);1;242
Latvia;Europe;49;Lose Somebody;Kygo, OneRepublic;Lose Somebody;0;199
Latvia;Europe;50;Daisies;Katy Perry;Daisies;0;173
Lithuania;Europe;1;Blinding Lights;The Weeknd;After Hours;0;200
Lithuania;Europe;2;Roses - Imanbek Remix;SAINt JHN, Imanbek;Roses (Imanbek Remix);1;176
Lithuania;Europe;3;Rain On Me (with Ariana Grande);Lady Gaga, Ariana Grande;Rain On Me (with Ariana Grande);0;182
Lithuania;Europe;4;ROCKSTAR (feat. Roddy Ricch);DaBaby, Roddy Ricch;BLAME IT ON BABY;1;181
Lithuania;Europe;5;THE SCOTTS;THE SCOTTS, Travis Scott, Kid Cudi;THE SCOTTS;1;165
Lithuania;Europe;6;ily (i love you baby) (feat. Emilee);Surf Mesa, Emilee;ily (i love you baby) (feat. Emilee);0;176
Lithuania;Europe;7;In Your Eyes;The Weeknd;After Hours;1;237
Lithuania;Europe;8;Toosie Slide;Drake;Dark Lane Demo Tapes;1;247
Lithuania;Europe;9;Break My Heart;Dua Lipa;Future Nostalgia;0;221
Lithuania;Europe;10;Don't Start Now;Dua Lipa;Future Nostalgia;0;183
Lithuania;Europe;11;Watermelon Sugar;Harry Styles;Fine Line;0;174
Lithuania;Europe;12;death bed (coffee for your head) (feat. beabadoobee);Powfu, beabadoobee;death bed (coffee for your head) (feat. beabadoobee);0;173
Lithuania;Europe;13;Supalonely;BENEE, Gus Dapperton;STELLA & STEVE;1;223
Lithuania;Europe;14;Breaking Me;Topic, A7S;Breaking Me;0;166
Lithuania;Europe;15;Stuck with U (with Justin Bieber);Ariana Grande, Justin Bieber;Stuck with U;0;228
Lithuania;Europe;16;GOOBA;6ix9ine;GOOBA;1;132
Lithuania;Europe;17;The Box;Roddy Ricch;Please Excuse Me For Being Antisocial;1;196
Lithuania;Europe;18;Blueberry Faygo;Lil Mosey;Certified Hitmaker;1;162
Lithuania;Europe;19;Sunday Best;Surfaces;Where the Light Is;0;158
Lithuania;Europe;20;Boss Bitch;Doja Cat;Boss Bitch;0;134
Lithuania;Europe;21;WHATS POPPIN;Jack Harlow;Sweet Action;1;139
Lithuania;Europe;22;On Fire;THE ROOP;On Fire;0;170
Lithuania;Europe;23;August;Intelligency;August;0;179
Lithuania;Europe;24;Falling;Trevor Daniel;Nicotine;0;159
Lithuania;Europe;25;Dance Monkey;Tones And I;Dance Monkey (Stripped Back) / Dance Monkey;0;209
Lithuania;Europe;26;Be Kind (with Halsey);Marshmello, Halsey;Be Kind (with Halsey);0;172
Lithuania;Europe;27;Circles;Post Malone;Hollywood's Bleeding;0;215
Lithuania;Europe;28;Say So (feat. Nicki Minaj);Doja Cat, Nicki Minaj;Say So (feat. Nicki Minaj);1;206
Lithuania;Europe;29;Life Is Good (feat. Drake);Future, Drake;High Off Life;1;237
Lithuania;Europe;30;Say So;Doja Cat;Hot Pink;1;237
Lithuania;Europe;31;YES;OG Version, Proflame;YES;1;150
Lithuania;Europe;32;Play Date;Melanie Martinez;Cry Baby (Deluxe Edition);1;179
Lithuania;Europe;33;Salt;Ava Max;Salt;0;180
Lithuania;Europe;34;Savage Remix (feat. Beyoncé);Megan Thee Stallion, Beyoncé;Savage Remix (feat. Beyoncé);1;242
Lithuania;Europe;35;Adore You;Harry Styles;Fine Line;0;207
Lithuania;Europe;36;Intentions (feat. Quavo);Justin Bieber, Quavo;Changes;0;212
Lithuania;Europe;37;Party Girl;StaySolidRocky;Party Girl;0;147
Lithuania;Europe;38;Know Your Worth;Khalid, Disclosure;Know Your Worth;0;181
Lithuania;Europe;39;ROXANNE;Arizona Zervas;ROXANNE;1;163
Lithuania;Europe;40;Lose Somebody;Kygo, OneRepublic;Lose Somebody;0;199
Lithuania;Europe;41;Daechwita;Agust D;D-2;1;225
Lithuania;Europe;42;After Party;Don Toliver;Heaven Or Hell;1;167
Lithuania;Europe;43;bad guy;Billie Eilish;WHEN WE ALL FALL ASLEEP, WHERE DO WE GO?;0;194
Lithuania;Europe;44;HIGHEST IN THE ROOM;Travis Scott;HIGHEST IN THE ROOM;1;175
Lithuania;Europe;45;Physical;Dua Lipa;Future Nostalgia;0;193
Lithuania;Europe;46;everything i wanted;Billie Eilish;everything i wanted;0;245
Lithuania;Europe;47;Taip Jau Gavosi;Sisters On Wire;Taip Jau Gavosi;0;190
Lithuania;Europe;48;Daisies;Katy Perry;Daisies;0;173
Lithuania;Europe;49;Lose Control;MEDUZA, Becky Hill, Goodboys;Lose Control;0;168
Lithuania;Europe;50;????? (????? ?????);Molchat Doma;?????;0;141
Luxembourg;Europe;1;No Time To Die;Billie Eilish;No Time To Die;0;242
Luxembourg;Europe;2;Blinding Lights;The Weeknd;After Hours;0;200
Luxembourg;Europe;3;The Box;Roddy Ricch;Please Excuse Me For Being Antisocial;1;196
Luxembourg;Europe;4;Dance Monkey;Tones And I;Dance Monkey (Stripped Back) / Dance Monkey;0;209
Luxembourg;Europe;5;Falling;Trevor Daniel;Falling;0;159
Luxembourg;Europe;6;Don't Start Now;Dua Lipa;Don't Start Now;0;183
Luxembourg;Europe;7;Life Is Good (feat. Drake);Future, Drake;Life Is Good (feat. Drake);1;237
Luxembourg;Europe;8;Intentions (feat. Quavo);Justin Bieber, Quavo;Changes;0;212
Luxembourg;Europe;9;Mios mit Bars;Luciano;Mios mit Bars;0;232
Luxembourg;Europe;10;everything i wanted;Billie Eilish;everything i wanted;0;245
Luxembourg;Europe;11;Yummy;Justin Bieber;Changes;0;208
Luxembourg;Europe;12;ROXANNE;Arizona Zervas;ROXANNE;1;163
Luxembourg;Europe;13;Roses - Imanbek Remix;SAINt JHN, Imanbek;Roses (Imanbek Remix);1;176
Luxembourg;Europe;14;Give No Fxk;Migos, Travis Scott, Young Thug;Give No Fxk;1;224
Luxembourg;Europe;15;Verkackt;Gzuz, Bonez MC;Gzuz;1;136
Luxembourg;Europe;16;Ride It;Regard;Ride It;0;157
Luxembourg;Europe;17;Forever (feat. Post Malone & Clever);Justin Bieber, Post Malone, Clever;Changes;0;219
Luxembourg;Europe;18;Memories;Maroon 5;Memories;0;189
Luxembourg;Europe;19;Roller;Apache 207;Platte;1;157
Luxembourg;Europe;20;RITMO (Bad Boys For Life);Black Eyed Peas, J Balvin;RITMO (Bad Boys For Life);1;221
Luxembourg;Europe;21;Godzilla (feat. Juice WRLD);Eminem, Juice WRLD;Music To Be Murdered By;1;210
Luxembourg;Europe;22;bad guy;Billie Eilish;WHEN WE ALL FALL ASLEEP, WHERE DO WE GO?;0;194
Luxembourg;Europe;23;Before You Go;Lewis Capaldi;Divinely Uninspired To A Hellish Extent (Extended Edition);0;215
Luxembourg;Europe;24;Ne reviens pas;Gradur, Heuss L'enfoiré;Zone 59;1;188
Luxembourg;Europe;25;Lose Control;MEDUZA, Becky Hill, Goodboys;Lose Control;0;168
Luxembourg;Europe;26;Donuts;Gzuz;Gzuz;1;162
Luxembourg;Europe;27;Circles;Post Malone;Hollywood's Bleeding;0;215
Luxembourg;Europe;28;Tusa;KAROL G, Nicki Minaj;Tusa;0;200
Luxembourg;Europe;29;What If I Told You That I Love You;Ali Gatie;What If I Told You That I Love You;0;193
Luxembourg;Europe;30;You should be sad;Halsey;Manic;1;205
Luxembourg;Europe;31;Gazozial;Gzuz;Gzuz;1;158
Luxembourg;Europe;32;Someone You Loved;Lewis Capaldi;Divinely Uninspired To A Hellish Extent;0;182
Luxembourg;Europe;33;Señorita;Shawn Mendes, Camila Cabello;Shawn Mendes (Deluxe);0;190
Luxembourg;Europe;34;Adore You;Harry Styles;Fine Line;0;207
Luxembourg;Europe;35;Weiss;Samra;Weiss;0;162
Luxembourg;Europe;36;What A Man Gotta Do;Jonas Brothers;What A Man Gotta Do;0;180
Luxembourg;Europe;37;Suicidal;YNW Melly;Melly vs. Melvin;1;222
Luxembourg;Europe;38;My Oh My (feat. DaBaby);Camila Cabello, DaBaby;Romance;0;170
Luxembourg;Europe;39;Loco;Gzuz;Gzuz;1;148
Luxembourg;Europe;40;Say So;Doja Cat;Hot Pink;1;237
Luxembourg;Europe;41;Ausgezahlt;Gzuz, RAF Camora;Gzuz;1;158
Luxembourg;Europe;42;Was hat es gebracht;Gzuz;Gzuz;1;153
Luxembourg;Europe;43;AMEX BLACK;Joker Bra;AMEX BLACK;1;174
Luxembourg;Europe;44;Physical;Dua Lipa;Physical;0;193
Luxembourg;Europe;45;Trampoline (with ZAYN);SHAED, ZAYN;Melt (Deluxe);0;184
Luxembourg;Europe;46;hot girl bummer;blackbear;hot girl bummer;1;185
Luxembourg;Europe;47;Baianá;Bakermat;Baianá;0;182
Luxembourg;Europe;48;Know Your Worth;Khalid, Disclosure;Know Your Worth;0;181
Luxembourg;Europe;49;Kopfnüsse;Gzuz;Gzuz;1;152
Luxembourg;Europe;50;Nie erwartet;Gzuz;Gzuz;1;159
Malaysia;Asia;1;Suasana Di Hari Raya;Anuar & Ellina;Suasana Di Hari Raya;0;195
Malaysia;Asia;2;Seloka Hari Raya;Uji Rashid, Hail Amir;Siri Bintang Pujaan;0;178
Malaysia;Asia;3;Suasana Hari Raya;Datuk Sharifah Aini;Syawal 1424;0;142
Malaysia;Asia;4;Selamat Berhari Raya;Rahimah Rahim;Selamat Berhari Raya;0;211
Malaysia;Asia;5;Selamat Hari Raya;Puan Sri Saloma;Selamat Hari Raya;0;157
Malaysia;Asia;6;Balik Kampung;Dato' Sudirman;Balik Kampung;0;218
Malaysia;Asia;7;Stuck with U (with Justin Bieber);Ariana Grande, Justin Bieber;Stuck with U;0;228
Malaysia;Asia;8;Sesuci Lebaran;Dato' Sri Siti Nurhaliza;Anugerah Aidilfitri;0;239
Malaysia;Asia;9;Dari Jauh Kupohon Maaf;Dato' Sudirman;Balik Kampung;0;229
Malaysia;Asia;10;Satu Hari Di Hari Raya;M. Nasir;Satu Hari Di Hari Raya;0;211
Malaysia;Asia;11;Selamat Hari Raya;Datuk Ahmad Jais;Selamat Hari Raya;0;152
Malaysia;Asia;12;Menjelang Hari Raya;Dato' DJ Dave;Siri Bintang Pujaan;0;194
Malaysia;Asia;13;Pulang Di Hari Raya;Noorkumalasari;Siri Bintang Pujaan;0;172
Malaysia;Asia;14;Suasana Riang Di Hari Raya;Junainah;Siri Bintang Pujaan;0;190
Malaysia;Asia;15;Senandung Hari Raya Untukmu;Dayangku Intan;Salam Aidilfitri Untuk Semua;0;207
Malaysia;Asia;16;Takbir Raya;Various artists;Takbir Raya;0;64
Malaysia;Asia;17;death bed (coffee for your head) (feat. beabadoobee);Powfu, beabadoobee;death bed (coffee for your head) (feat. beabadoobee);0;173
Malaysia;Asia;18;Play Date;Melanie Martinez;Cry Baby (Deluxe Edition);1;179
Malaysia;Asia;19;Dendang Perantau;Tan Sri P. Ramlee;Siri Kenangan Abadi Volume 1: Getaran Jiwa;0;160
Malaysia;Asia;20;eight(Prod.&Feat. SUGA of BTS);IU, SUGA;eight;0;167
Malaysia;Asia;21;Rain On Me (with Ariana Grande);Lady Gaga, Ariana Grande;Rain On Me (with Ariana Grande);0;182
Malaysia;Asia;22;Nazam Lebaran;Dato' Sri Siti Nurhaliza;Anugerah Aidilfitri;0;339
Malaysia;Asia;23;Warna Warni Aidilfitri;Nyanyian Ramai;Satu Hari Di Hari Raya;0;288
Malaysia;Asia;24;Bila Takbir Bergema;Rafeah Buang;Siri Bintang Pujaan;0;161
Malaysia;Asia;25;Kepulangan Yang Di Nanti;Aman Shah;Kepulangan Yang Dinanti;0;225
Malaysia;Asia;26;Indahnya Beraya Di Desa;Azlina Aziz;Salam Aidilfitri Untuk Semua;0;273
Malaysia;Asia;27;Selamat Hari Raya;Fazidah Joned;Selamat Hari Raya;0;155
Malaysia;Asia;28;Daechwita;Agust D;D-2;1;225
Malaysia;Asia;29;Intentions (feat. Quavo);Justin Bieber, Quavo;Changes;0;212
Malaysia;Asia;30;Supalonely;BENEE, Gus Dapperton;STELLA & STEVE;1;223
Malaysia;Asia;31;Blinding Lights;The Weeknd;After Hours;0;200
Malaysia;Asia;32;Someone You Loved;Lewis Capaldi;Divinely Uninspired To A Hellish Extent;0;182
Malaysia;Asia;33;Toosie Slide;Drake;Dark Lane Demo Tapes;1;247
Malaysia;Asia;34;Cahaya Aidilfitri;Black Dog Bone;Cahaya Aidilfitri;0;223
Malaysia;Asia;35;ily (i love you baby) (feat. Emilee);Surf Mesa, Emilee;ily (i love you baby) (feat. Emilee);0;176
Malaysia;Asia;36;Aidilfitri;Sanisah Huri;Aidilfitri;0;220
Malaysia;Asia;37;Be Kind (with Halsey);Marshmello, Halsey;Be Kind (with Halsey);0;172
Malaysia;Asia;38;Roses - Imanbek Remix;SAINt JHN, Imanbek;Roses (Imanbek Remix);1;176
Malaysia;Asia;39;Bersabarlah Sayang;Sanisah Huri;Siri Bintang Pujaan;0;211
Malaysia;Asia;40;Falling;Trevor Daniel;Nicotine;0;159
Malaysia;Asia;41;Bersama Di Hari Raya;Cenderawasih;Bersama Di Hari Raya;0;159
Malaysia;Asia;42;Don't Start Now;Dua Lipa;Future Nostalgia;0;183
Malaysia;Asia;43;Before You Go;Lewis Capaldi;Divinely Uninspired To A Hellish Extent (Extended Edition);0;215
Malaysia;Asia;44;Sunday Best;Surfaces;Where the Light Is;0;158
Malaysia;Asia;45;Circles;Post Malone;Hollywood's Bleeding;0;215
Malaysia;Asia;46;Bila Hari Raya Menjelma;Dato' Sri Siti Nurhaliza;Anugerah Aidilfitri;0;283
Malaysia;Asia;47;Air Mata Syawal;Dato' Sri Siti Nurhaliza;Anugerah Aidilfitri;0;303
Malaysia;Asia;48;Di Pagi Aidilfitri;Rosemaria;Siri Bintang Pujaan;0;221
Malaysia;Asia;49;Say So (feat. Nicki Minaj);Doja Cat, Nicki Minaj;Say So (feat. Nicki Minaj);1;206
Malaysia;Asia;50;Break My Heart;Dua Lipa;Future Nostalgia;0;221
Malta;Europe;1;All I Want for Christmas Is You;Mariah Carey;Merry Christmas;0;241
Malta;Europe;2;Last Christmas;Wham!;LAST CHRISTMAS;0;262
Malta;Europe;3;It's the Most Wonderful Time of the Year;Andy Williams;The Andy Williams Christmas Album;0;151
Malta;Europe;4;Rockin' Around The Christmas Tree;Brenda Lee;Merry Christmas From Brenda Lee;0;126
Malta;Europe;5;Jingle Bell Rock;Bobby Helms;The Classic Years: 1956-1962;0;130
Malta;Europe;6;It's Beginning to Look a Lot like Christmas;Michael Bublé;Christmas (Deluxe Special Edition);0;207
Malta;Europe;7;Feliz Navidad;José Feliciano;My Name Is José Feliciano;0;182
Malta;Europe;8;Let It Snow! Let It Snow! Let It Snow! (with The B. Swanson Quartet);Frank Sinatra, B. Swanson Quartet;Christmas Songs by Sinatra;0;155
Malta;Europe;9;Dance Monkey;Tones And I;Dance Monkey (Stripped Back) / Dance Monkey;0;209
Malta;Europe;10;Holly Jolly Christmas;Michael Bublé;Christmas (Deluxe Special Edition);0;121
Malta;Europe;11;Do They Know It's Christmas? - 1984 Version;Band Aid;Do They Know It's Christmas?;0;222
Malta;Europe;12;Santa Tell Me;Ariana Grande;Santa Tell Me;0;204
Malta;Europe;13;Happy Xmas (War Is Over) - Remastered;John Lennon, The Harlem Community Choir, The Plastic Ono Band, Yoko Ono;Power To The People - The Hits;0;213
Malta;Europe;14;It's Beginning to Look a Lot Like Christmas (with Mitchell Ayres & His Orchestra);Perry Como, The Fontane Sisters, Mitchell Ayres & His Orchestra;Greatest Christmas Songs;0;155
Malta;Europe;15;The Christmas Song (Merry Christmas To You);Nat King Cole;The Christmas Song (Expanded Edition);0;192
Malta;Europe;16;Christmas (Baby Please Come Home);Darlene Love;Caroling at Christmas;0;166
Malta;Europe;17;Underneath the Tree;Kelly Clarkson;Wrapped In Red;0;229
Malta;Europe;18;A Holly Jolly Christmas - Single Version;Burl Ives;Christmas Eve;0;133
Malta;Europe;19;Wonderful Christmastime - Edited Version / Remastered 2011;Paul McCartney;McCartney II;0;227
Malta;Europe;20;White Christmas;Bing Crosby, Ken Darby Singers, John Scott Trotter & His Orchestra;Holiday Inn (Original Motion Picture Soundtrack);0;177
Malta;Europe;21;Mistletoe;Justin Bieber;Under The Mistletoe (Deluxe Edition);0;182
Malta;Europe;22;Santa Claus Is Coming to Town;Michael Bublé;Christmas (Deluxe Special Edition);0;171
Malta;Europe;23;Merry Christmas Everyone;Shakin' Stevens;The Hits Of Shakin' Stevens Vol II;0;223
Malta;Europe;24;Blue Christmas;Elvis Presley;Elvis' Christmas Album;0;129
Malta;Europe;25;Let It Snow! Let It Snow! Let It Snow!;Dean Martin;A Winter Romance;0;117
Malta;Europe;26;Sleigh Ride;The Ronettes;Caroling at Christmas;0;181
Malta;Europe;27;Jingle Bell Rock - Daryl's Version;Daryl Hall & John Oates;Jingle Bell Rock;0;126
Malta;Europe;28;ROXANNE;Arizona Zervas;ROXANNE;1;163
Malta;Europe;29;Santa Claus Is Coming To Town;The Jackson 5;Christmas Album;0;144
Malta;Europe;30;Driving Home for Christmas - 2019 Remaster;Chris Rea;Dancing with Strangers (Deluxe Edition, 2019 Remaster);0;241
Malta;Europe;31;Santa Claus Is Comin' to Town - Live at C.W. Post College, Greenvale, NY - December 1975;Bruce Springsteen;Santa Claus Is Comin' to Town (Live at C.W. Post College, Greenvale, NY - December 1975);0;267
Malta;Europe;32;Christmas (Baby Please Come Home);Mariah Carey;Merry Christmas;0;153
Malta;Europe;33;Falling;Trevor Daniel;Falling;0;159
Malta;Europe;34;Have Yourself A Merry Little Christmas;Sam Smith;Have Yourself A Merry Little Christmas;0;170
Malta;Europe;35;My Only Wish (This Year);Britney Spears;Caroling at Christmas;0;255
Malta;Europe;36;Run Rudolph Run - Single Version;Chuck Berry;Rock 'N' Roll Rarities;0;165
Malta;Europe;37;I Saw Mommy Kissing Santa Claus;The Jackson 5;Christmas Album;0;181
Malta;Europe;38;I'll Be Home for Christmas;Michael Bublé;Christmas (Deluxe Special Edition);0;267
Malta;Europe;39;Winter Wonderland;Tony Bennett;Snowfall - The Tony Bennett Christmas Album;0;133
Malta;Europe;40;Fairytale of New York (feat. Kirsty MacColl);The Pogues, Kirsty MacColl;If I Should Fall From Grace With God (Expanded);0;272
Malta;Europe;41;One More Sleep;Leona Lewis;Christmas, With Love;0;239
Malta;Europe;42;Baby, It's Cold Outside;Dean Martin;A Winter Romance;0;143
Malta;Europe;43;Circles;Post Malone;Hollywood's Bleeding;0;215
Malta;Europe;44;Mistletoe And Holly - Remastered 1999;Frank Sinatra;A Jolly Christmas From Frank Sinatra;0;136
Malta;Europe;45;Happy Xmas (War Is Over);Céline Dion;These Are Special Times;0;254
Malta;Europe;46;Santa Baby;Ariana Grande, Liz Gillies;Christmas Kisses;0;170
Malta;Europe;47;Santa Baby (with Henri René & His Orchestra);Eartha Kitt, Henri Rene & His Orchestra;Heavenly Eartha;0;206
Malta;Europe;48;Blinding Lights;The Weeknd;After Hours;0;200
Malta;Europe;49;Joy To The World;Nat King Cole;The Christmas Song (Expanded Edition);0;84
Malta;Europe;50;Don't Start Now;Dua Lipa;Don't Start Now;0;183
Mexico;North America;1;Safaera;Bad Bunny, Jowell & Randy, Nengo Flow;YHLQMDLG;1;295
Mexico;North America;2;Yo Perreo Sola;Bad Bunny;YHLQMDLG;0;172
Mexico;North America;3;Blinding Lights;The Weeknd;After Hours;0;200
Mexico;North America;4;Rojo;J Balvin;Colores;0;150
Mexico;North America;5;Favorito;Camilo;Por Primera Vez;0;209
Mexico;North America;6;Jangueo;Alex Rose, Rafa Pabön;LOST;0;259
Mexico;North America;7;Morado;J Balvin;Colores;0;200
Mexico;North America;8;Azul;J Balvin;Colores;0;205
Mexico;North America;9;Tattoo;Rauw Alejandro;Tattoo;0;202
Mexico;North America;10;Rain On Me (with Ariana Grande);Lady Gaga, Ariana Grande;Rain On Me (with Ariana Grande);0;182
Mexico;North America;11;Si Veo a Tu Mamá;Bad Bunny;YHLQMDLG;0;170
Mexico;North America;12;Qué Maldición;Banda MS de Sergio Lizárraga, Snoop Dogg;Qué Maldición;0;203
Mexico;North America;13;Tusa;KAROL G, Nicki Minaj;Tusa;0;200
Mexico;North America;14;Elegí (feat. Dímelo Flow);Rauw Alejandro, Dalex, Lenny Tavárez, Dímelo Flow;Elegí (feat. Dímelo Flow);0;197
Mexico;North America;15;La Difícil;Bad Bunny;YHLQMDLG;1;163
Mexico;North America;16;Don't Start Now;Dua Lipa;Future Nostalgia;0;183
Mexico;North America;17;El Efecto;Rauw Alejandro, Chencho Corleone;El Efecto;0;217
Mexico;North America;18;Ignorantes;Bad Bunny, Sech;YHLQMDLG;1;210
Mexico;North America;19;PA' ROMPERLA;Bad Bunny, Don Omar;LAS QUE NO IBAN A SALIR;1;194
Mexico;North America;20;Amarillo;J Balvin;Colores;0;157
Mexico;North America;21;Diosa;Myke Towers;Easy Money Baby;1;214
Mexico;North America;22;Sigues Con El;Dímelo Flow, Arcangel, Sech;Sigues Con El;0;226
Mexico;North America;23;Se Me Olvidó;Christian Nodal;Se Me Olvidó;0;159
Mexico;North America;24;Dance Monkey;Tones And I;Dance Monkey (Stripped Back) / Dance Monkey;0;209
Mexico;North America;25;Hola - Remix;Dalex, Lenny Tavárez, Chencho Corleone, Juhn, Dímelo Flow;Hola (Remix);0;249
Mexico;North America;26;Break My Heart;Dua Lipa;Future Nostalgia;0;221
Mexico;North America;27;BYE ME FUI;Bad Bunny;LAS QUE NO IBAN A SALIR;1;178
Mexico;North America;28;La Santa;Bad Bunny, Daddy Yankee;YHLQMDLG;1;206
Mexico;North America;29;Roses - Imanbek Remix;SAINt JHN, Imanbek;Roses (Imanbek Remix);1;176
Mexico;North America;30;PORFA;Feid, Justin Quiles;FERXXO (VOL 1: M.O.R);0;232
Mexico;North America;31;Arriba;Natanael Cano;Arriba;1;174
Mexico;North America;32;No Me Conoce - Remix;Jhay Cortez, J Balvin, Bad Bunny;Famouz;0;309
Mexico;North America;33;death bed (coffee for your head) (feat. beabadoobee);Powfu, beabadoobee;death bed (coffee for your head) (feat. beabadoobee);0;173
Mexico;North America;34;Pa' Olvidarme De Ella;Piso 21, Christian Nodal;Pa' Olvidarme De Ella;1;227
Mexico;North America;35;LA CANCIÓN;J Balvin, Bad Bunny;OASIS;0;242
Mexico;North America;36;Vete;Bad Bunny;YHLQMDLG;1;192
Mexico;North America;37;A Tu Merced;Bad Bunny;YHLQMDLG;0;175
Mexico;North America;38;Negro;J Balvin;Colores;0;182
Mexico;North America;39;Fantasias;Rauw Alejandro, Farruko;Fantasias;0;199
Mexico;North America;40;ily (i love you baby) (feat. Emilee);Surf Mesa, Emilee;ily (i love you baby) (feat. Emilee);0;176
Mexico;North America;41;Me La Avente;Carin Leon;El Malo;0;155
Mexico;North America;42;Say So;Doja Cat;Hot Pink;1;237
Mexico;North America;43;AYAYAY!;Christian Nodal;AYAYAY!;0;130
Mexico;North America;44;CANCIÓN CON YANDEL;Yandel, Bad Bunny;LAS QUE NO IBAN A SALIR;1;209
Mexico;North America;45;Callaita;Bad Bunny, Tainy;Callaita;1;250
Mexico;North America;46;Yo Ya No Vuelvo Contigo - En Vivo;Lenin Ramírez, Grupo Firme;En Vivo Desde Mi Ranchito;0;240
Mexico;North America;47;Amor Tumbado;Natanael Cano;Mi Nuevo Yo;0;221
Mexico;North America;48;Blanco;J Balvin;Colores;0;145
Mexico;North America;49;CÓMO SE SIENTE - Remix;Jhay Cortez, Bad Bunny;CÓMO SE SIENTE (Remix);1;227
Mexico;North America;50;Supalonely;BENEE, Gus Dapperton;STELLA & STEVE;1;223
Netherlands;Europe;1;Gordelweg;Kevin;Gordelweg;1;155
Netherlands;Europe;2;ROCKSTAR (feat. Roddy Ricch);DaBaby, Roddy Ricch;BLAME IT ON BABY;1;181
Netherlands;Europe;3;Roses - Imanbek Remix;SAINt JHN, Imanbek;Roses (Imanbek Remix);1;176
Netherlands;Europe;4;Blinding Lights;The Weeknd;After Hours;0;200
Netherlands;Europe;5;Breaking Me;Topic, A7S;Breaking Me;0;166
Netherlands;Europe;6;Video Vixen;Bilal Wahib, Bizzey;Video Vixen;1;144
Netherlands;Europe;7;Stuck with U (with Justin Bieber);Ariana Grande, Justin Bieber;Stuck with U;0;228
Netherlands;Europe;8;Toosie Slide;Drake;Dark Lane Demo Tapes;1;247
Netherlands;Europe;9;ily (i love you baby) (feat. Emilee);Surf Mesa, Emilee;ily (i love you baby) (feat. Emilee);0;176
Netherlands;Europe;10;Supalonely;BENEE, Gus Dapperton;STELLA & STEVE;1;223
Netherlands;Europe;11;17 Miljoen Mensen - Live @538 in Ahoy;Davina Michelle, Snelle;17 Miljoen Mensen (Live @538 in Ahoy);0;107
Netherlands;Europe;12;Rain On Me (with Ariana Grande);Lady Gaga, Ariana Grande;Rain On Me (with Ariana Grande);0;182
Netherlands;Europe;13;death bed (coffee for your head) (feat. beabadoobee);Powfu, beabadoobee;death bed (coffee for your head) (feat. beabadoobee);0;173
Netherlands;Europe;14;Break My Heart;Dua Lipa;Future Nostalgia;0;221
Netherlands;Europe;15;Het Is Al Laat Toch;Racoon;Het Is Al Laat Toch;0;208
Netherlands;Europe;16;Intentions (feat. Quavo);Justin Bieber, Quavo;Changes;0;212
Netherlands;Europe;17;Jongen Van De Straat;Lil Kleine;Jongen Van De Straat;0;156
Netherlands;Europe;18;In Your Eyes;The Weeknd;After Hours;1;237
Netherlands;Europe;19;Soldier On;DI-RECT;Soldier On;0;207
Netherlands;Europe;20;Loop Niet Weg;Kris Kross Amsterdam, Tino Martin, Emma Heesters;Loop Niet Weg;0;185
Netherlands;Europe;21;Pa Olvidarte (Beste Zangers Seizoen 2019);Emma Heesters, Rolf Sanchez;Pa Olvidarte (Beste Zangers Seizoen 2019);0;171
Netherlands;Europe;22;Christian Dior (feat. Bryan Mg & SRNO);Dopebwoy, Bryan Mg, SRNO;Christian Dior (feat. Bryan Mg & SRNO);0;152
Netherlands;Europe;23;In Your Eyes (feat. Alida);Robin Schulz, Alida;In Your Eyes (feat. Alida);0;208
Netherlands;Europe;24;Wat Is Je Naam;Yxng Le, Frenna;Wat Is Je Naam;0;157
Netherlands;Europe;25;Don't Start Now;Dua Lipa;Future Nostalgia;0;183
Netherlands;Europe;26;Beat Me - Official Song F1 Dutch Grand Prix;Davina Michelle;Beat Me (Official Song F1 Dutch Grand Prix);0;192
Netherlands;Europe;27;Weg Van Jou;Suzan & Freek;Weg Van Jou;0;146
Netherlands;Europe;28;Say So;Doja Cat;Hot Pink;1;237
Netherlands;Europe;29;Dance Monkey;Tones And I;Dance Monkey (Stripped Back) / Dance Monkey;0;209
Netherlands;Europe;30;Never Seen The Rain;Tones And I;Never Seen The Rain (Alternate Version);0;200
Netherlands;Europe;31;GOOBA;6ix9ine;GOOBA;1;132
Netherlands;Europe;32;Roller Coaster;Danny Vera;Pressure Makes Diamonds;0;269
Netherlands;Europe;33;Alone, Pt. II;Alan Walker, Ava Max;Alone, Pt. II;0;179
Netherlands;Europe;34;Before You Go;Lewis Capaldi;Divinely Uninspired To A Hellish Extent (Extended Edition);0;215
Netherlands;Europe;35;Be Kind (with Halsey);Marshmello, Halsey;Be Kind (with Halsey);0;172
Netherlands;Europe;36;Rode Wijn;Maan, Kraantje Pappie;Rode Wijn;0;203
Netherlands;Europe;37;Smoorverliefd;Snelle;Smoorverliefd;0;177
Netherlands;Europe;38;Blueberry Faygo;Lil Mosey;Certified Hitmaker;1;162
Netherlands;Europe;39;Drown (feat. Clinton Kane);Martin Garrix, Clinton Kane;Drown (feat. Clinton Kane);0;174
Netherlands;Europe;40;THE SCOTTS;THE SCOTTS, Travis Scott, Kid Cudi;THE SCOTTS;1;165
Netherlands;Europe;41;Underdog;Alicia Keys;Underdog;0;208
Netherlands;Europe;42;Busje (feat. Chivv & Lauwtje);Zefanio, Chivv, Lauwtje;Busje (feat. Chivv & Lauwtje);0;179
Netherlands;Europe;43;Watermelon Sugar;Harry Styles;Fine Line;0;174
Netherlands;Europe;44;Follow Your Dreams (with Jonna Fraser);Emms, Jonna Fraser;Follow Your Dreams;0;162
Netherlands;Europe;45;Slapen Met Het Licht Aan;Tabitha, Nielson;Slapen Met Het Licht Aan;0;207
Netherlands;Europe;46;Someone You Loved;Lewis Capaldi;Divinely Uninspired To A Hellish Extent;0;182
Netherlands;Europe;47;The Box;Roddy Ricch;Please Excuse Me For Being Antisocial;1;196
Netherlands;Europe;48;Perfect (feat. Haris);Lucas & Steve, Haris;Perfect (feat. Haris);0;176
Netherlands;Europe;49;Ride It;Regard;Ride It;0;157
Netherlands;Europe;50;Afrika;Chivv, Boef;UN4GETTABLE NIGHTS;0;200
New Zealand;Australia;1;ROCKSTAR (feat. Roddy Ricch);DaBaby, Roddy Ricch;BLAME IT ON BABY;1;181
New Zealand;Australia;2;Roses - Imanbek Remix;SAINt JHN, Imanbek;Roses (Imanbek Remix);1;176
New Zealand;Australia;3;In the Air;L.A.B.;L.A.B. III;0;252
New Zealand;Australia;4;Blinding Lights;The Weeknd;After Hours;0;200
New Zealand;Australia;5;Stuck with U (with Justin Bieber);Ariana Grande, Justin Bieber;Stuck with U;0;228
New Zealand;Australia;6;Supalonely;BENEE, Gus Dapperton;STELLA & STEVE;1;223
New Zealand;Australia;7;Rain On Me (with Ariana Grande);Lady Gaga, Ariana Grande;Rain On Me (with Ariana Grande);0;182
New Zealand;Australia;8;THE SCOTTS;THE SCOTTS, Travis Scott, Kid Cudi;THE SCOTTS;1;165
New Zealand;Australia;9;death bed (coffee for your head) (feat. beabadoobee);Powfu, beabadoobee;death bed (coffee for your head) (feat. beabadoobee);0;173
New Zealand;Australia;10;Toosie Slide;Drake;Dark Lane Demo Tapes;1;247
New Zealand;Australia;11;Blueberry Faygo;Lil Mosey;Certified Hitmaker;1;162
New Zealand;Australia;12;Intentions (feat. Quavo);Justin Bieber, Quavo;Changes;0;212
New Zealand;Australia;13;Don't Start Now;Dua Lipa;Future Nostalgia;0;183
New Zealand;Australia;14;Sunday Best;Surfaces;Where the Light Is;0;158
New Zealand;Australia;15;The Box;Roddy Ricch;Please Excuse Me For Being Antisocial;1;196
New Zealand;Australia;16;Savage Remix (feat. Beyoncé);Megan Thee Stallion, Beyoncé;Savage Remix (feat. Beyoncé);1;242
New Zealand;Australia;17;Go Crazy;Chris Brown, Young Thug;Slime & B;1;176
New Zealand;Australia;18;Long Gone;SIX60;SIX60;1;178
New Zealand;Australia;19;GOOBA;6ix9ine;GOOBA;1;132
New Zealand;Australia;20;Dance Monkey;Tones And I;Dance Monkey (Stripped Back) / Dance Monkey;0;209
New Zealand;Australia;21;Watermelon Sugar;Harry Styles;Fine Line;0;174
New Zealand;Australia;22;ily (i love you baby) (feat. Emilee);Surf Mesa, Emilee;ily (i love you baby) (feat. Emilee);0;176
New Zealand;Australia;23;Catching Feelings (feat. SIX60);Drax Project, SIX60;Drax Project;0;218
New Zealand;Australia;24;Glitter;BENEE;FIRE ON MARZZ;0;180
New Zealand;Australia;25;WHATS POPPIN;Jack Harlow;Sweet Action;1;139
New Zealand;Australia;26;Break My Heart;Dua Lipa;Future Nostalgia;0;221
New Zealand;Australia;27;Rover (feat. DTG);S1mba, DTG;Rover (feat. DTG);1;167
New Zealand;Australia;28;Before You Go;Lewis Capaldi;Divinely Uninspired To A Hellish Extent (Extended Edition);0;215
New Zealand;Australia;29;Adore You;Harry Styles;Fine Line;0;207
New Zealand;Australia;30;Say So;Doja Cat;Hot Pink;1;237
New Zealand;Australia;31;Someone You Loved;Lewis Capaldi;Divinely Uninspired To A Hellish Extent;0;182
New Zealand;Australia;32;If the World Was Ending - feat. Julia Michaels;JP Saxe, Julia Michaels;If the World Was Ending (feat. Julia Michaels);0;208
New Zealand;Australia;33;BELIEVE IT;PARTYNEXTDOOR, Rihanna;PARTYMOBILE;1;183
New Zealand;Australia;34;Circles;Post Malone;Hollywood's Bleeding;0;215
New Zealand;Australia;35;After Party;Don Toliver;Heaven Or Hell;1;167
New Zealand;Australia;36;In Your Eyes;The Weeknd;After Hours;1;237
New Zealand;Australia;37;Say So (feat. Nicki Minaj);Doja Cat, Nicki Minaj;Say So (feat. Nicki Minaj);1;206
New Zealand;Australia;38;ROXANNE;Arizona Zervas;ROXANNE;1;163
New Zealand;Australia;39;Boss Bitch;Doja Cat;Boss Bitch;0;134
New Zealand;Australia;40;Party Girl;StaySolidRocky;Party Girl;0;147
New Zealand;Australia;41;Memories;Maroon 5;Memories;0;189
New Zealand;Australia;42;Falling;Trevor Daniel;Nicotine;0;159
New Zealand;Australia;43;This City;Sam Fischer;This City;0;194
New Zealand;Australia;44;Be Kind (with Halsey);Marshmello, Halsey;Be Kind (with Halsey);0;172
New Zealand;Australia;45;Life Is Good (feat. Drake);Future, Drake;High Off Life;1;237
New Zealand;Australia;46;The Greatest;SIX60;SIX60;0;170
New Zealand;Australia;47;goosebumps;Travis Scott;Birds In The Trap Sing McKnight;1;243
New Zealand;Australia;48;Controller;L.A.B.;L.A.B.;0;275
New Zealand;Australia;49;6 To The WORLD;Hp Boyz;6 To The WORLD;1;156
New Zealand;Australia;50;SICKO MODE;Travis Scott;ASTROWORLD;1;312
Nicaragua;North America;1;Safaera;Bad Bunny, Jowell & Randy, Nengo Flow;YHLQMDLG;1;295
Nicaragua;North America;2;Yo Perreo Sola;Bad Bunny;YHLQMDLG;0;172
Nicaragua;North America;3;Rojo;J Balvin;Colores;0;150
Nicaragua;North America;4;Tattoo;Rauw Alejandro;Tattoo;0;202
Nicaragua;North America;5;Si Veo a Tu Mamá;Bad Bunny;YHLQMDLG;0;170
Nicaragua;North America;6;Favorito;Camilo;Por Primera Vez;0;209
Nicaragua;North America;7;Blinding Lights;The Weeknd;After Hours;0;200
Nicaragua;North America;8;Ignorantes;Bad Bunny, Sech;YHLQMDLG;1;210
Nicaragua;North America;9;Diosa;Myke Towers;Easy Money Baby;1;214
Nicaragua;North America;10;BYE ME FUI;Bad Bunny;LAS QUE NO IBAN A SALIR;1;178
Nicaragua;North America;11;A Tu Merced;Bad Bunny;YHLQMDLG;0;175
Nicaragua;North America;12;La Difícil;Bad Bunny;YHLQMDLG;1;163
Nicaragua;North America;13;La Santa;Bad Bunny, Daddy Yankee;YHLQMDLG;1;206
Nicaragua;North America;14;Rain On Me (with Ariana Grande);Lady Gaga, Ariana Grande;Rain On Me (with Ariana Grande);0;182
Nicaragua;North America;15;CÓMO SE SIENTE - Remix;Jhay Cortez, Bad Bunny;CÓMO SE SIENTE (Remix);1;227
Nicaragua;North America;16;Vete;Bad Bunny;YHLQMDLG;1;192
Nicaragua;North America;17;Tusa;KAROL G, Nicki Minaj;Tusa;0;200
Nicaragua;North America;18;LA CANCIÓN;J Balvin, Bad Bunny;OASIS;0;242
Nicaragua;North America;19;Fantasias;Rauw Alejandro, Farruko;Fantasias;0;199
Nicaragua;North America;20;CANCIÓN CON YANDEL;Yandel, Bad Bunny;LAS QUE NO IBAN A SALIR;1;209
Nicaragua;North America;21;Amarillo;J Balvin;Colores;0;157
Nicaragua;North America;22;No Me Conoce - Remix;Jhay Cortez, J Balvin, Bad Bunny;Famouz;0;309
Nicaragua;North America;23;PA' ROMPERLA;Bad Bunny, Don Omar;LAS QUE NO IBAN A SALIR;1;194
Nicaragua;North America;24;Pa' Olvidarme De Ella;Piso 21, Christian Nodal;Pa' Olvidarme De Ella;1;227
Nicaragua;North America;25;Sigues Con El;Dímelo Flow, Arcangel, Sech;Sigues Con El;0;226
Nicaragua;North America;26;Don't Start Now;Dua Lipa;Future Nostalgia;0;183
Nicaragua;North America;27;Hola - Remix;Dalex, Lenny Tavárez, Chencho Corleone, Juhn, Dímelo Flow;Hola (Remix);0;249
Nicaragua;North America;28;Morado;J Balvin;Colores;0;200
Nicaragua;North America;29;Callaita;Bad Bunny, Tainy;Callaita;1;250
Nicaragua;North America;30;Dance Monkey;Tones And I;Dance Monkey (Stripped Back) / Dance Monkey;0;209
Nicaragua;North America;31;BAD CON NICKY;Bad Bunny, Nicky Jam;LAS QUE NO IBAN A SALIR;1;202
Nicaragua;North America;32;MÁS DE UNA CITA;Bad Bunny, Zion & Lennox;LAS QUE NO IBAN A SALIR;1;183
Nicaragua;North America;33;death bed (coffee for your head) (feat. beabadoobee);Powfu, beabadoobee;death bed (coffee for your head) (feat. beabadoobee);0;173
Nicaragua;North America;34;Jangueo;Alex Rose, Rafa Pabön;LOST;0;259
Nicaragua;North America;35;Djadja;Aya Nakamura;NAKAMURA;0;171
Nicaragua;North America;36;China;Anuel AA, Daddy Yankee, KAROL G, J Balvin, Ozuna;China;0;301
Nicaragua;North America;37;Medusa;Jhay Cortez, Anuel AA, J Balvin;Medusa;1;305
Nicaragua;North America;38;BENDICIONES;Bad Bunny;LAS QUE NO IBAN A SALIR;0;155
Nicaragua;North America;39;Bellaquita - Remix;Dalex, Lenny Tavárez, Anitta, Natti Natasha, Farruko, Justin Quiles;Modo Avión;1;304
Nicaragua;North America;40;Elegí (feat. Dímelo Flow);Rauw Alejandro, Dalex, Lenny Tavárez, Dímelo Flow;Elegí (feat. Dímelo Flow);0;197
Nicaragua;North America;41;RITMO (Bad Boys For Life);Black Eyed Peas, J Balvin;RITMO (Bad Boys For Life);1;221
Nicaragua;North America;42;Pero Ya No;Bad Bunny;YHLQMDLG;0;160
Nicaragua;North America;43;Bajo La Mesa;Morat, Sebastian Yatra;Bajo La Mesa;0;157
Nicaragua;North America;44;Girl;Myke Towers;Easy Money Baby;1;186
Nicaragua;North America;45;Bichiyal;Bad Bunny, Yaviah;YHLQMDLG;1;196
Nicaragua;North America;46;Tutu;Camilo, Pedro Capó;Por Primera Vez;0;179
Nicaragua;North America;47;Por Primera Vez;Camilo, Evaluna Montaner;Por Primera Vez;0;182
Nicaragua;North America;48;Azul;J Balvin;Colores;0;205
Nicaragua;North America;49;Daechwita;Agust D;D-2;1;225
Nicaragua;North America;50;Adicto (with Anuel AA & Ozuna);Tainy, Anuel AA, Ozuna;Adicto (with Anuel AA & Ozuna);0;270
Norway;Europe;1;Svag;Victor Leksell;Svag;0;191
Norway;Europe;2;ROCKSTAR (feat. Roddy Ricch);DaBaby, Roddy Ricch;BLAME IT ON BABY;1;181
Norway;Europe;3;Blinding Lights;The Weeknd;After Hours;0;200
Norway;Europe;4;Sykepleierinnen (Sykehuset 2020);El Papi;Sykepleierinnen (Sykehuset 2020);0;182
Norway;Europe;5;Roses - Imanbek Remix;SAINt JHN, Imanbek;Roses (Imanbek Remix);1;176
Norway;Europe;6;In Your Eyes;The Weeknd;After Hours;1;237
Norway;Europe;7;GOOBA;6ix9ine;GOOBA;1;132
Norway;Europe;8;Lose Somebody;Kygo, OneRepublic;Lose Somebody;0;199
Norway;Europe;9;Karantene;TIX;Karantene;0;132
Norway;Europe;10;SKÅL;TIX;SKÅL;1;130
Norway;Europe;11;Kaller På Deg;TIX;Kaller På Deg;0;201
Norway;Europe;12;Stuck with U (with Justin Bieber);Ariana Grande, Justin Bieber;Stuck with U;0;228
Norway;Europe;13;Rain On Me (with Ariana Grande);Lady Gaga, Ariana Grande;Rain On Me (with Ariana Grande);0;182
Norway;Europe;14;Somebody;Dagny;Somebody;0;194
Norway;Europe;15;THE SCOTTS;THE SCOTTS, Travis Scott, Kid Cudi;THE SCOTTS;1;165
Norway;Europe;16;Kings & Queens;Ava Max;Kings & Queens;0;162
Norway;Europe;17;Dommedagen 2020;TIX, Soppgirobygget;Dommedagen 2020;1;170
Norway;Europe;18;Dance Monkey;Tones And I;Dance Monkey (Stripped Back) / Dance Monkey;0;209
Norway;Europe;19;Hvis verden;Chris Holsten, Frida Ånnevik;Hvis verden;0;223
Norway;Europe;20;End of Time;K-391, Alan Walker, Ahrix;End of Time;0;187
Norway;Europe;21;Salt;Ava Max;Salt;0;180
Norway;Europe;22;Toosie Slide;Drake;Dark Lane Demo Tapes;1;247
Norway;Europe;23;death bed (coffee for your head) (feat. beabadoobee);Powfu, beabadoobee;death bed (coffee for your head) (feat. beabadoobee);0;173
Norway;Europe;24;Play Date;Melanie Martinez;Cry Baby (Deluxe Edition);1;179
Norway;Europe;25;Bad Child;Tones And I;Bad Child/Can't Be Happy All The Time;1;221
Norway;Europe;26;I Don't Know Why;NOTD, Astrid S;I Don't Know Why;0;207
Norway;Europe;27;ily (i love you baby) (feat. Emilee);Surf Mesa, Emilee;ily (i love you baby) (feat. Emilee);0;176
Norway;Europe;28;If the World Was Ending - feat. Julia Michaels;JP Saxe, Julia Michaels;If the World Was Ending (feat. Julia Michaels);0;208
Norway;Europe;29;Someone You Loved;Lewis Capaldi;Divinely Uninspired To A Hellish Extent;0;182
Norway;Europe;30;The Truth;Kygo, Valerie Broussard;The Truth;0;193
Norway;Europe;31;Like It Is;Kygo, Zara Larsson, Tyga;Like It Is;0;183
Norway;Europe;32;Supalonely;BENEE, Gus Dapperton;STELLA & STEVE;1;223
Norway;Europe;33;Breaking Me;Topic, A7S;Breaking Me;0;166
Norway;Europe;34;Don't Start Now;Dua Lipa;Future Nostalgia;0;183
Norway;Europe;35;Blueberry Faygo;Lil Mosey;Certified Hitmaker;1;162
Norway;Europe;36;Break My Heart;Dua Lipa;Future Nostalgia;0;221
Norway;Europe;37;Burn Down This Room;Ruben;Burn Down This Room;0;211
Norway;Europe;38;Before You Go;Lewis Capaldi;Divinely Uninspired To A Hellish Extent (Extended Edition);0;215
Norway;Europe;39;Boss Bitch;Doja Cat;Boss Bitch;0;134
Norway;Europe;40;DANCE;CLMD, Tungevaag;DANCE;0;174
Norway;Europe;41;Haugenstua;Herman Flesvig;Haugenstua;1;149
Norway;Europe;42;Valhalla;Ringnes-Ronny;Valhalla;0;184
Norway;Europe;43;Be Kind (with Halsey);Marshmello, Halsey;Be Kind (with Halsey);0;172
Norway;Europe;44;In Your Eyes (feat. Alida);Robin Schulz, Alida;In Your Eyes (feat. Alida);0;208
Norway;Europe;45;Jævlig;TIX;Jævlig;1;137
Norway;Europe;46;WHATS POPPIN;Jack Harlow;Sweet Action;1;139
Norway;Europe;47;Josefine;Herman Flesvig;Josefine;0;170
Norway;Europe;48;Vi tar det igjen neste år;Kuselofte, Postgirobygget;Vi tar det igjen neste år;0;180
Norway;Europe;49;The Box;Roddy Ricch;Please Excuse Me For Being Antisocial;1;196
Norway;Europe;50;Unfamiliar;Seeb, Goodboys, HRVY;Unfamiliar;0;174
Panama;North America;1;Relación;Sech;1 of 1;0;184
Panama;North America;2;Confía;Sech, Daddy Yankee;1 of 1;0;202
Panama;North America;3;Rojo;J Balvin;Colores;0;150
Panama;North America;4;Safaera;Bad Bunny, Jowell & Randy, Nengo Flow;YHLQMDLG;1;295
Panama;North America;5;Bentley;Sech, Myke Towers;1 of 1;1;188
Panama;North America;6;Yo Perreo Sola;Bad Bunny;YHLQMDLG;0;172
Panama;North America;7;Me Olvidé;Sech;1 of 1;0;157
Panama;North America;8;Ignorantes;Bad Bunny, Sech;YHLQMDLG;1;210
Panama;North America;9;Favorito;Camilo;Por Primera Vez;0;209
Panama;North America;10;Casino;Sech;1 of 1;0;181
Panama;North America;11;Diosa;Myke Towers;Easy Money Baby;1;214
Panama;North America;12;BYE ME FUI;Bad Bunny;LAS QUE NO IBAN A SALIR;1;178
Panama;North America;13;Tattoo;Rauw Alejandro;Tattoo;0;202
Panama;North America;14;Rain On Me (with Ariana Grande);Lady Gaga, Ariana Grande;Rain On Me (with Ariana Grande);0;182
Panama;North America;15;PORFA;Feid, Justin Quiles;FERXXO (VOL 1: M.O.R);0;232
Panama;North America;16;Elegí (feat. Dímelo Flow);Rauw Alejandro, Dalex, Lenny Tavárez, Dímelo Flow;Elegí (feat. Dímelo Flow);0;197
Panama;North America;17;Oficial;Sech, Arcangel, Gigolo Y La Exce;1 of 1;1;197
Panama;North America;18;Si Te Vas;Sech, Ozuna;1 of 1;0;204
Panama;North America;19;Party En Mi Casa;Boza;Sonrisas Tristes;0;157
Panama;North America;20;Se Va Viral;Sech, Nando Boom;1 of 1;0;149
Panama;North America;21;Hola - Remix;Dalex, Lenny Tavárez, Chencho Corleone, Juhn, Dímelo Flow;Hola (Remix);0;249
Panama;North America;22;Tusa;KAROL G, Nicki Minaj;Tusa;0;200
Panama;North America;23;Trofeo;Sech;1 of 1;0;206
Panama;North America;24;CÓMO SE SIENTE - Remix;Jhay Cortez, Bad Bunny;CÓMO SE SIENTE (Remix);1;227
Panama;North America;25;Sigues Con El;Dímelo Flow, Arcangel, Sech;Sigues Con El;0;226
Panama;North America;26;La Difícil;Bad Bunny;YHLQMDLG;1;163
Panama;North America;27;Sigues Con El - Remix;Arcangel, Sech, Romeo Santos;Sigues Con El (Remix);0;189
Panama;North America;28;Follow;KAROL G, Anuel AA;Follow;0;203
Panama;North America;29;Blinding Lights;The Weeknd;After Hours;0;200
Panama;North America;30;Fantasias;Rauw Alejandro, Farruko;Fantasias;0;199
Panama;North America;31;Vete;Bad Bunny;YHLQMDLG;1;192
Panama;North America;32;Bajo La Mesa;Morat, Sebastian Yatra;Bajo La Mesa;0;157
Panama;North America;33;Portarse Mal;Sech;1 of 1;0;186
Panama;North America;34;Dale;Sech, Lenny Tavárez;1 of 1;1;162
Panama;North America;35;Fe;Sech;1 of 1;1;172
Panama;North America;36;Amarillo;J Balvin;Colores;0;157
Panama;North America;37;Si Veo a Tu Mamá;Bad Bunny;YHLQMDLG;0;170
Panama;North America;38;Definitivamente;Daddy Yankee, Sech;Definitivamente;0;217
Panama;North America;39;CANCIÓN CON YANDEL;Yandel, Bad Bunny;LAS QUE NO IBAN A SALIR;1;209
Panama;North America;40;Tu y Yo;Sech, Zion & Lennox;1 of 1;1;226
Panama;North America;41;En Lo Oscuro;Sech;1 of 1;0;141
Panama;North America;42;La Santa;Bad Bunny, Daddy Yankee;YHLQMDLG;1;206
Panama;North America;43;Por Primera Vez;Camilo, Evaluna Montaner;Por Primera Vez;0;182
Panama;North America;44;Uni;Sech;1 of 1;0;149
Panama;North America;45;Fabuloso;Sech, Justin Quiles;1 of 1;0;200
Panama;North America;46;Morado;J Balvin;Colores;0;200
Panama;North America;47;Mejor;Dalex, Sech;Modo Avión;1;201
Panama;North America;48;Keii;Anuel AA;Keii;0;210
Panama;North America;49;Arriba;Sech, Farruko;1 of 1;1;190
Panama;North America;50;PA' ROMPERLA;Bad Bunny, Don Omar;LAS QUE NO IBAN A SALIR;1;194
Paraguay;South America;1;Rojo;J Balvin;Colores;0;150
Paraguay;South America;2;Elegí (feat. Dímelo Flow);Rauw Alejandro, Dalex, Lenny Tavárez, Dímelo Flow;Elegí (feat. Dímelo Flow);0;197
Paraguay;South America;3;CANCIÓN CON YANDEL;Yandel, Bad Bunny;LAS QUE NO IBAN A SALIR;1;209
Paraguay;South America;4;Inolvidable;Ovy On The Drums, Beéle;Inolvidable;0;225
Paraguay;South America;5;PORFA;Feid, Justin Quiles;FERXXO (VOL 1: M.O.R);0;232
Paraguay;South America;6;Tattoo;Rauw Alejandro;Tattoo;0;202
Paraguay;South America;7;Ignorantes;Bad Bunny, Sech;YHLQMDLG;1;210
Paraguay;South America;8;Safaera;Bad Bunny, Jowell & Randy, Nengo Flow;YHLQMDLG;1;295
Paraguay;South America;9;Yo Perreo Sola;Bad Bunny;YHLQMDLG;0;172
Paraguay;South America;10;BYE ME FUI;Bad Bunny;LAS QUE NO IBAN A SALIR;1;178
Paraguay;South America;11;Diosa;Myke Towers;Easy Money Baby;1;214
Paraguay;South America;12;Favorito;Camilo;Por Primera Vez;0;209
Paraguay;South America;13;Hola - Remix;Dalex, Lenny Tavárez, Chencho Corleone, Juhn, Dímelo Flow;Hola (Remix);0;249
Paraguay;South America;14;Relación;Sech;1 of 1;0;184
Paraguay;South America;15;La Difícil;Bad Bunny;YHLQMDLG;1;163
Paraguay;South America;16;Sigues Con El;Dímelo Flow, Arcangel, Sech;Sigues Con El;0;226
Paraguay;South America;17;Si Veo a Tu Mamá;Bad Bunny;YHLQMDLG;0;170
Paraguay;South America;18;Mejor;Dalex, Sech;Modo Avión;1;201
Paraguay;South America;19;Bellaquita - Remix;Dalex, Lenny Tavárez, Anitta, Natti Natasha, Farruko, Justin Quiles;Modo Avión;1;304
Paraguay;South America;20;Skechers;DripReport;Skechers;1;106
Paraguay;South America;21;El Efecto - Remix;Rauw Alejandro, Chencho Corleone, KEVVO, Bryant Myers, Lyanno, Dalex;El Efecto (Remix);1;289
Paraguay;South America;22;Sigues Con El - Remix;Arcangel, Sech, Romeo Santos;Sigues Con El (Remix);0;189
Paraguay;South America;23;CÓMO SE SIENTE - Remix;Jhay Cortez, Bad Bunny;CÓMO SE SIENTE (Remix);1;227
Paraguay;South America;24;Jangueo;Alex Rose, Rafa Pabön;LOST;0;259
Paraguay;South America;25;MÁS DE UNA CITA;Bad Bunny, Zion & Lennox;LAS QUE NO IBAN A SALIR;1;183
Paraguay;South America;26;Locura;Cali Y El Dandee, Sebastian Yatra;Colegio;0;209
Paraguay;South America;27;Fantasias;Rauw Alejandro, Farruko;Fantasias;0;199
Paraguay;South America;28;Follow;KAROL G, Anuel AA;Follow;0;203
Paraguay;South America;29;Tusa;KAROL G, Nicki Minaj;Tusa;0;200
Paraguay;South America;30;Quiéreme Mientras Se Pueda;Manuel Turizo;Quiéreme Mientras Se Pueda;0;191
Paraguay;South America;31;Vete;Bad Bunny;YHLQMDLG;1;192
Paraguay;South America;32;Blinding Lights;The Weeknd;After Hours;0;200
Paraguay;South America;33;death bed (coffee for your head) (feat. beabadoobee);Powfu, beabadoobee;death bed (coffee for your head) (feat. beabadoobee);0;173
Paraguay;South America;34;Amarillo;J Balvin;Colores;0;157
Paraguay;South America;35;Loco - Remix;Farruko, Beéle, Natti Natasha, Manuel Turizo;Loco (Remix);0;248
Paraguay;South America;36;Keii;Anuel AA;Keii;0;210
Paraguay;South America;37;Girl;Myke Towers;Easy Money Baby;1;186
Paraguay;South America;38;Morado;J Balvin;Colores;0;200
Paraguay;South America;39;La Santa;Bad Bunny, Daddy Yankee;YHLQMDLG;1;206
Paraguay;South America;40;Bajo La Mesa;Morat, Sebastian Yatra;Bajo La Mesa;0;157
Paraguay;South America;41;Quizas;Rich Music LTD, Sech, Dalex, Justin Quiles, Lenny Tavárez, Feid, Wisin, Zion;The Academy;1;216
Paraguay;South America;42;Adicto (with Anuel AA & Ozuna);Tainy, Anuel AA, Ozuna;Adicto (with Anuel AA & Ozuna);0;270
Paraguay;South America;43;Mi Error - Remix;Eladio Carrion, Zion & Lennox, Wisin & Yandel, Lunay;Sauce Boyz;1;315
Paraguay;South America;44;BAD CON NICKY;Bad Bunny, Nicky Jam;LAS QUE NO IBAN A SALIR;1;202
Paraguay;South America;45;Rain On Me (with Ariana Grande);Lady Gaga, Ariana Grande;Rain On Me (with Ariana Grande);0;182
Paraguay;South America;46;LA CANCIÓN;J Balvin, Bad Bunny;OASIS;0;242
Paraguay;South America;47;Por Primera Vez;Camilo, Evaluna Montaner;Por Primera Vez;0;182
Paraguay;South America;48;PA' ROMPERLA;Bad Bunny, Don Omar;LAS QUE NO IBAN A SALIR;1;194
Paraguay;South America;49;La Cama - Remix;Lunay, Myke Towers, Ozuna, Chencho Corleone, Rauw Alejandro;La Cama (Remix);0;330
Paraguay;South America;50;Pa' Olvidarme De Ella;Piso 21, Christian Nodal;Pa' Olvidarme De Ella;1;227
Peru;South America;1;Favorito;Camilo;Por Primera Vez;0;209
Peru;South America;2;Safaera;Bad Bunny, Jowell & Randy, Nengo Flow;YHLQMDLG;1;295
Peru;South America;3;Yo Perreo Sola;Bad Bunny;YHLQMDLG;0;172
Peru;South America;4;Elegí (feat. Dímelo Flow);Rauw Alejandro, Dalex, Lenny Tavárez, Dímelo Flow;Elegí (feat. Dímelo Flow);0;197
Peru;South America;5;Tattoo;Rauw Alejandro;Tattoo;0;202
Peru;South America;6;Por Primera Vez;Camilo, Evaluna Montaner;Por Primera Vez;0;182
Peru;South America;7;Blinding Lights;The Weeknd;After Hours;0;200
Peru;South America;8;Hola - Remix;Dalex, Lenny Tavárez, Chencho Corleone, Juhn, Dímelo Flow;Hola (Remix);0;249
Peru;South America;9;PORFA;Feid, Justin Quiles;FERXXO (VOL 1: M.O.R);0;232
Peru;South America;10;Diosa;Myke Towers;Easy Money Baby;1;214
Peru;South America;11;El Efecto - Remix;Rauw Alejandro, Chencho Corleone, KEVVO, Bryant Myers, Lyanno, Dalex;El Efecto (Remix);1;289
Peru;South America;12;Rojo;J Balvin;Colores;0;150
Peru;South America;13;Relación;Sech;1 of 1;0;184
Peru;South America;14;Locura;Cali Y El Dandee, Sebastian Yatra;Colegio;0;209
Peru;South America;15;Djadja;Aya Nakamura;NAKAMURA;0;171
Peru;South America;16;Tusa;KAROL G, Nicki Minaj;Tusa;0;200
Peru;South America;17;Sigues Con El - Remix;Arcangel, Sech, Romeo Santos;Sigues Con El (Remix);0;189
Peru;South America;18;Don't Start Now;Dua Lipa;Future Nostalgia;0;183
Peru;South America;19;Bajo La Mesa;Morat, Sebastian Yatra;Bajo La Mesa;0;157
Peru;South America;20;Morado;J Balvin;Colores;0;200
Peru;South America;21;death bed (coffee for your head) (feat. beabadoobee);Powfu, beabadoobee;death bed (coffee for your head) (feat. beabadoobee);0;173
Peru;South America;22;Sigues Con El;Dímelo Flow, Arcangel, Sech;Sigues Con El;0;226
Peru;South America;23;Si Veo a Tu Mamá;Bad Bunny;YHLQMDLG;0;170
Peru;South America;24;Fantasias;Rauw Alejandro, Farruko;Fantasias;0;199
Peru;South America;25;Jangueo;Alex Rose, Rafa Pabön;LOST;0;259
Peru;South America;26;Bellaquita - Remix;Dalex, Lenny Tavárez, Anitta, Natti Natasha, Farruko, Justin Quiles;Modo Avión;1;304
Peru;South America;27;Dance Monkey;Tones And I;Dance Monkey (Stripped Back) / Dance Monkey;0;209
Peru;South America;28;Ignorantes;Bad Bunny, Sech;YHLQMDLG;1;210
Peru;South America;29;La Difícil;Bad Bunny;YHLQMDLG;1;163
Peru;South America;30;Amarillo;J Balvin;Colores;0;157
Peru;South America;31;BYE ME FUI;Bad Bunny;LAS QUE NO IBAN A SALIR;1;178
Peru;South America;32;Si Me Dices Que Sí;Reik, Farruko, Camilo;Si Me Dices Que Sí;0;211
Peru;South America;33;El Efecto;Rauw Alejandro, Chencho Corleone;El Efecto;0;217
Peru;South America;34;Los Besos;Greeicy;Los Besos;0;202
Peru;South America;35;Loco - Remix;Farruko, Beéle, Natti Natasha, Manuel Turizo;Loco (Remix);0;248
Peru;South America;36;Tutu;Camilo, Pedro Capó;Por Primera Vez;0;179
Peru;South America;37;Detente;Mike Bahía, Danny Ocean;Navegando;0;181
Peru;South America;38;La Difícil;Camilo;Por Primera Vez;0;158
Peru;South America;39;Fantasias - Remix;Rauw Alejandro, Anuel AA, Natti Natasha, Farruko, Lunay;Fantasias (Remix) [feat. Farruko & Lunay];0;267
Peru;South America;40;Rain On Me (with Ariana Grande);Lady Gaga, Ariana Grande;Rain On Me (with Ariana Grande);0;182
Peru;South America;41;BAD CON NICKY;Bad Bunny, Nicky Jam;LAS QUE NO IBAN A SALIR;1;202
Peru;South America;42;China;Anuel AA, Daddy Yankee, KAROL G, J Balvin, Ozuna;China;0;301
Peru;South America;43;DJ No Pare (feat. Zion, Dalex, Lenny Tavárez) - Remix;Justin Quiles, Natti Natasha, Farruko, Dalex, Lenny Tavárez, Zion;DJ No Pare (feat. Zion, Dalex, Lenny Tavárez) [Remix];0;258
Peru;South America;44;Dream Girl - Remix;Ir Sais, Rauw Alejandro;Dream Girl (Remix);1;192
Peru;South America;45;Desconocidos;Mau y Ricky, Manuel Turizo, Camilo;Para Aventuras y Curiosidades;1;204
Peru;South America;46;Girl;Myke Towers;Easy Money Baby;1;186
Peru;South America;47;Roses - Imanbek Remix;SAINt JHN, Imanbek;Roses (Imanbek Remix);1;176
Peru;South America;48;Te Vi;Piso 21, Micro TDH;Te Vi;0;231
Peru;South America;49;Quiéreme Mientras Se Pueda;Manuel Turizo;Quiéreme Mientras Se Pueda;0;191
Peru;South America;50;No Me Conoce - Remix;Jhay Cortez, J Balvin, Bad Bunny;Famouz;0;309
Philippines;Asia;1;Rain On Me (with Ariana Grande);Lady Gaga, Ariana Grande;Rain On Me (with Ariana Grande);0;182
Philippines;Asia;2;Teka Lang;Emman;Teka Lang;0;196
Philippines;Asia;3;Stuck with U (with Justin Bieber);Ariana Grande, Justin Bieber;Stuck with U;0;228
Philippines;Asia;4;Intentions (feat. Quavo);Justin Bieber, Quavo;Changes;0;212
Philippines;Asia;5;Don't Start Now;Dua Lipa;Future Nostalgia;0;183
Philippines;Asia;6;Sunday Best;Surfaces;Where the Light Is;0;158
Philippines;Asia;7;death bed (coffee for your head) (feat. beabadoobee);Powfu, beabadoobee;death bed (coffee for your head) (feat. beabadoobee);0;173
Philippines;Asia;8;Supalonely;BENEE, Gus Dapperton;STELLA & STEVE;1;223
Philippines;Asia;9;Imahe;Magnus Haven;Imahe;0;321
Philippines;Asia;10;Beautiful Scars;Maximillian;Beautiful Scars;0;194
Philippines;Asia;11;Someone You Loved;Lewis Capaldi;Divinely Uninspired To A Hellish Extent;0;182
Philippines;Asia;12;Malayo Ka Man;Jr Crown, Kath, Cyclone, Young Weezy;Malayo Ka Man;0;254
Philippines;Asia;13;Toosie Slide;Drake;Dark Lane Demo Tapes;1;247
Philippines;Asia;14;Like That (feat. Gucci Mane);Doja Cat, Gucci Mane;Hot Pink;1;163
Philippines;Asia;15;Say So (feat. Nicki Minaj);Doja Cat, Nicki Minaj;Say So (feat. Nicki Minaj);1;206
Philippines;Asia;16;Make It With You;Ben&Ben;Make It With You;0;209
Philippines;Asia;17;Break My Heart;Dua Lipa;Future Nostalgia;0;221
Philippines;Asia;18;10,000 Hours (with Justin Bieber);Dan + Shay, Justin Bieber;10,000 Hours (with Justin Bieber);0;167
Philippines;Asia;19;eight(Prod.&Feat. SUGA of BTS);IU, SUGA;eight;0;167
Philippines;Asia;20;Savage Remix (feat. Beyoncé);Megan Thee Stallion, Beyoncé;Savage Remix (feat. Beyoncé);1;242
Philippines;Asia;21;Dance Monkey;Tones And I;Dance Monkey (Stripped Back) / Dance Monkey;0;209
Philippines;Asia;22;Sa Susunod na Habang Buhay;Ben&Ben;Sa Susunod na Habang Buhay;0;288
Philippines;Asia;23;Circles;Post Malone;Hollywood's Bleeding;0;215
Philippines;Asia;24;Make You Mine;PUBLIC;Make You Mine;0;232
Philippines;Asia;25;Blinding Lights;The Weeknd;After Hours;0;200
Philippines;Asia;26;Hindi Tayo Pwede;The Juans;Umaga;0;303
Philippines;Asia;27;ily (i love you baby) (feat. Emilee);Surf Mesa, Emilee;ily (i love you baby) (feat. Emilee);0;176
Philippines;Asia;28;Kathang Isip;Ben&Ben;Kathang Isip;0;318
Philippines;Asia;29;Vibe With Me;Matthaios, Lonezo;Vibe With Me;1;139
Philippines;Asia;30;Araw-Araw Love;Flow G;Araw-Araw Love;0;211
Philippines;Asia;31;Binibini;Matthaios, Calvin De Leon;Binibini;0;137
Philippines;Asia;32;If the World Was Ending - feat. Julia Michaels;JP Saxe, Julia Michaels;If the World Was Ending (feat. Julia Michaels);0;208
Philippines;Asia;33;Maybe The Night;Ben&Ben;Maybe The Night;0;217
Philippines;Asia;34;Be Kind (with Halsey);Marshmello, Halsey;Be Kind (with Halsey);0;172
Philippines;Asia;35;Falling;Trevor Daniel;Nicotine;0;159
Philippines;Asia;36;good guys;LANY;good guys;0;224
Philippines;Asia;37;Memories;Maroon 5;Memories;0;189
Philippines;Asia;38;Pagtingin;Ben&Ben;LIMASAWA STREET;0;227
Philippines;Asia;39;ROXANNE;Arizona Zervas;ROXANNE;1;163
Philippines;Asia;40;Daechwita;Agust D;D-2;1;225
Philippines;Asia;41;Ivana;Soulstice;Ivana;1;246
Philippines;Asia;42;Mean It;Lauv, LANY;~how i'm feeling~;0;232
Philippines;Asia;43;Titig;MC Einstein, Flow G, Jekkpot, Yuridope;Titig;0;259
Philippines;Asia;44;Daisies;Katy Perry;Daisies;0;173
Philippines;Asia;45;Lose Somebody;Kygo, OneRepublic;Lose Somebody;0;199
Philippines;Asia;46;Yellow Hearts;Ant Saunders;Yellow Hearts;0;223
Philippines;Asia;47;Sana;I Belong to the Zoo;Sana;0;277
Philippines;Asia;48;Bounty;Ex Battalion;Bounty;0;354
Philippines;Asia;49;Leaves;Ben&Ben;Leaves;0;310
Philippines;Asia;50;Kung Pwede Lang;Emman;Kung Pwede Lang;0;194
Poland;Europe;1;BUBBLETEA;Quebonafide, Daria Zawia?ow;ROMANTIC PSYCHO;0;284
Poland;Europe;2;#Hot16Challenge2;Szpaku, Raff J.R.;#Hot16Challenge2;1;154
Poland;Europe;3;Blinding Lights;The Weeknd;After Hours;0;200
Poland;Europe;4;Rain On Me (with Ariana Grande);Lady Gaga, Ariana Grande;Rain On Me (with Ariana Grande);0;182
Poland;Europe;5;Roses - Imanbek Remix;SAINt JHN, Imanbek;Roses (Imanbek Remix);1;176
Poland;Europe;6;TOKYO2020;Quebonafide, Taco Hemingway;ROMANTIC PSYCHO;0;193
Poland;Europe;7;Impreza;Sobel, Lezter;Impreza;1;165
Poland;Europe;8;Szampan;sanah;Królowa dram;0;200
Poland;Europe;9;SZUBIENICAPESTYCYDYBRO?;Quebonafide;ROMANTIC PSYCHO;0;231
Poland;Europe;10;Niedost?pny (prod. by Olek) (feat. DMN);Malik Montana, OLEK, DMN;Niedost?pny (prod. by Olek) (feat. DMN);0;152
Poland;Europe;11;In Your Eyes;The Weeknd;After Hours;1;237
Poland;Europe;12;M?ody Boss;?abson;M?ody Boss;0;248
Poland;Europe;13;death bed (coffee for your head) (feat. beabadoobee);Powfu, beabadoobee;death bed (coffee for your head) (feat. beabadoobee);0;173
Poland;Europe;14;GOOBA;6ix9ine;GOOBA;1;132
Poland;Europe;15;Break My Heart;Dua Lipa;Future Nostalgia;0;221
Poland;Europe;16;Salt;Ava Max;Salt;0;180
Poland;Europe;17;THE SCOTTS;THE SCOTTS, Travis Scott, Kid Cudi;THE SCOTTS;1;165
Poland;Europe;18;Physical;Dua Lipa;Future Nostalgia;0;193
Poland;Europe;19;ily (i love you baby) (feat. Emilee);Surf Mesa, Emilee;ily (i love you baby) (feat. Emilee);0;176
Poland;Europe;20;Supalonely;BENEE, Gus Dapperton;STELLA & STEVE;1;223
Poland;Europe;21;100 dni do matury;Mata;100 dni do matury;0;301
Poland;Europe;22;Stuck with U (with Justin Bieber);Ariana Grande, Justin Bieber;Stuck with U;0;228
Poland;Europe;23;Dance Monkey;Tones And I;Dance Monkey (Stripped Back) / Dance Monkey;0;209
Poland;Europe;24;Melodia;sanah;Królowa dram;0;183
Poland;Europe;25;Don't Start Now;Dua Lipa;Future Nostalgia;0;183
Poland;Europe;26;Watermelon Sugar;Harry Styles;Fine Line;0;174
Poland;Europe;27;Breaking Me;Topic, A7S;Breaking Me;0;166
Poland;Europe;28;Toosie Slide;Drake;Dark Lane Demo Tapes;1;247
Poland;Europe;29;Rainman;Tymek, TEDE, Trill Pem, Micha? Graczyk, 2K;FIT;1;225
Poland;Europe;30;BLUE;Tiësto, Stevie Appleton;The London Sessions;0;167
Poland;Europe;31;Patointeligencja;Mata;100 dni do matury;0;257
Poland;Europe;32;Say So;Doja Cat;Hot Pink;1;237
Poland;Europe;33;Boss Bitch;Doja Cat;Boss Bitch;0;134
Poland;Europe;34;NIEP?ACZ?PONOTREDAME;Quebonafide, Bedoes;ROMANTIC PSYCHO;0;212
Poland;Europe;35;VOGUE;Bedoes, Lanek;Opowie?ci z Doliny Smoków;0;218
Poland;Europe;36;Surfer;Be Vis;duch czasu;1;155
Poland;Europe;37;Drift;Bialas, Mata, Lanek;H8;0;166
Poland;Europe;38;W PI?TKI LE?? W WANNIE;Taco Hemingway, Dawid Podsiad?o;POCZTÓWKA Z WWA, LATO '19;0;220
Poland;Europe;39;Królowa dram;sanah;Królowa dram;0;185
Poland;Europe;40;J?zyk cia?a;Tymek, Big Scythe;Klubowe;1;201
Poland;Europe;41;GOMBAO 33;Mata, Wygu?, Szczepan, Adam;100 dni do matury;0;340
Poland;Europe;42;ASPARTAM;Quebonafide, Mata;ROMANTIC PSYCHO;0;204
Poland;Europe;43;GAZPROM;Quebonafide, Sokó?, Czarny HIFI;ROMANTIC PSYCHO;0;194
Poland;Europe;44;Kings & Queens;Ava Max;Kings & Queens;0;162
Poland;Europe;45;Play Date;Melanie Martinez;Cry Baby (Deluxe Edition);1;179
Poland;Europe;46;Daechwita;Agust D;D-2;1;225
Poland;Europe;47;In Your Eyes (feat. Alida);Robin Schulz, Alida;In Your Eyes (feat. Alida);0;208
Poland;Europe;48;ROCKSTAR (feat. Roddy Ricch);DaBaby, Roddy Ricch;BLAME IT ON BABY;1;181
Poland;Europe;49;B?dzie Lepiej;Miyo, Tymek;B?dzie Lepiej;0;185
Poland;Europe;50;Mog? Dzi? Umiera?;White 2115;M?ody Ksi???;0;171
Portugal;Europe;1;Toosie Slide;Drake;Dark Lane Demo Tapes;1;247
Portugal;Europe;2;Blinding Lights;The Weeknd;After Hours;0;200
Portugal;Europe;3;THE SCOTTS;THE SCOTTS, Travis Scott, Kid Cudi;THE SCOTTS;1;165
Portugal;Europe;4;ROCKSTAR (feat. Roddy Ricch);DaBaby, Roddy Ricch;BLAME IT ON BABY;1;181
Portugal;Europe;5;Roses - Imanbek Remix;SAINt JHN, Imanbek;Roses (Imanbek Remix);1;176
Portugal;Europe;6;Tempo (feat. Tóy Tóy T-Rex, LON3R JOHNY & BISPO);FRANKIEONTHEGUITAR, Tóy Tóy T-Rex, LON3R JOHNY, Bispo;Tempo (feat. Tóy Tóy T-Rex, LON3R JOHNY & BISPO);0;250
Portugal;Europe;7;Tudo no Sigilo;Vytinho NG, MC Bianca;Tudo no Sigilo;1;156
Portugal;Europe;8;death bed (coffee for your head) (feat. beabadoobee);Powfu, beabadoobee;death bed (coffee for your head) (feat. beabadoobee);0;173
Portugal;Europe;9;Don't Start Now;Dua Lipa;Future Nostalgia;0;183
Portugal;Europe;10;La Bella Mafia;Wet Bed Gang;La Bella Mafia;1;240
Portugal;Europe;11;The Box;Roddy Ricch;Please Excuse Me For Being Antisocial;1;196
Portugal;Europe;12;Rain On Me (with Ariana Grande);Lady Gaga, Ariana Grande;Rain On Me (with Ariana Grande);0;182
Portugal;Europe;13;Blueberry Faygo;Lil Mosey;Certified Hitmaker;1;162
Portugal;Europe;14;Conclusão;Julinho Ksd;Conclusão;0;147
Portugal;Europe;15;Life Is Good (feat. Drake);Future, Drake;High Off Life;1;237
Portugal;Europe;16;Lembrei-me;Bispo;Mais Antigo;0;206
Portugal;Europe;17;Mama Ta Xinti;Julinho Ksd;Mama Ta Xinti;0;181
Portugal;Europe;18;menina solta;Giulia Be;menina solta;0;150
Portugal;Europe;19;Somos Iguais;Plutónio;Sacrifício: Sangue, Lágrimas, Suor;0;237
Portugal;Europe;20;HIGHEST IN THE ROOM;Travis Scott;HIGHEST IN THE ROOM;1;175
Portugal;Europe;21;Breaking Me;Topic, A7S;Breaking Me;0;166
Portugal;Europe;22;Tusa;KAROL G, Nicki Minaj;Tusa;0;200
Portugal;Europe;23;Louco;Piruka, Bluay;Louco;0;244
Portugal;Europe;24;Te Amo;Calema;Yellow;0;258
Portugal;Europe;25;Falling;Trevor Daniel;Nicotine;0;159
Portugal;Europe;26;goosebumps;Travis Scott;Birds In The Trap Sing McKnight;1;243
Portugal;Europe;27;Hoji N'ka ta Rola;Julinho Ksd;Hoji N'ka ta Rola;0;236
Portugal;Europe;28;Stuck with U (with Justin Bieber);Ariana Grande, Justin Bieber;Stuck with U;0;228
Portugal;Europe;29;GOOBA;6ix9ine;GOOBA;1;132
Portugal;Europe;30;ROXANNE;Arizona Zervas;ROXANNE;1;163
Portugal;Europe;31;Eterna Sacanagem;MC JottaPê, MC Kekel, MC Kevinho;Eterna Sacanagem;0;168
Portugal;Europe;32;SICKO MODE;Travis Scott;ASTROWORLD;1;312
Portugal;Europe;33;Tranquilo;Aragão;Tranquilo;1;263
Portugal;Europe;34;ily (i love you baby) (feat. Emilee);Surf Mesa, Emilee;ily (i love you baby) (feat. Emilee);0;176
Portugal;Europe;35;Dance Monkey;Tones And I;Dance Monkey (Stripped Back) / Dance Monkey;0;209
Portugal;Europe;36;Sunday Best;Surfaces;Where the Light Is;0;158
Portugal;Europe;37;Don't Rush (feat. Headie One);Young T & Bugsey, Headie One;Plead The 5th;1;207
Portugal;Europe;38;Break My Heart;Dua Lipa;Future Nostalgia;0;221
Portugal;Europe;39;Conto;Dillaz;Conto;0;202
Portugal;Europe;40;Supalonely;BENEE, Gus Dapperton;STELLA & STEVE;1;223
Portugal;Europe;41;Say So;Doja Cat;Hot Pink;1;237
Portugal;Europe;42;HEI;ProfJam;HEI;0;208
Portugal;Europe;43;In Your Eyes;The Weeknd;After Hours;1;237
Portugal;Europe;44;everything i wanted;Billie Eilish;everything i wanted;0;245
Portugal;Europe;45;Circles;Post Malone;Hollywood's Bleeding;0;215
Portugal;Europe;46;Essa Saia (feat. Ivandro);Bispo, Ivandro;Mais Antigo;0;210
Portugal;Europe;47;Watermelon Sugar;Harry Styles;Fine Line;0;174
Portugal;Europe;48;Party Girl;StaySolidRocky;Party Girl;0;147
Portugal;Europe;49;S2;Bispo;S2;0;153
Portugal;Europe;50;Adore You;Harry Styles;Fine Line;0;207
Romania;Europe;1;THE SCOTTS;THE SCOTTS, Travis Scott, Kid Cudi;THE SCOTTS;1;165
Romania;Europe;2;Roses - Imanbek Remix;SAINt JHN, Imanbek;Roses (Imanbek Remix);1;176
Romania;Europe;3;Go Gettas;andrei, Killa Fonic, Nane, bbno$, Azteca;Go Gettas;1;178
Romania;Europe;4;Blinding Lights;The Weeknd;After Hours;0;200
Romania;Europe;5;GOOBA;6ix9ine;GOOBA;1;132
Romania;Europe;6;HIGHEST IN THE ROOM;Travis Scott;HIGHEST IN THE ROOM;1;175
Romania;Europe;7;Toosie Slide;Drake;Dark Lane Demo Tapes;1;247
Romania;Europe;8;Rain On Me (with Ariana Grande);Lady Gaga, Ariana Grande;Rain On Me (with Ariana Grande);0;182
Romania;Europe;9;The Box;Roddy Ricch;Please Excuse Me For Being Antisocial;1;196
Romania;Europe;10;ROCKSTAR (feat. Roddy Ricch);DaBaby, Roddy Ricch;BLAME IT ON BABY;1;181
Romania;Europe;11;goosebumps;Travis Scott;Birds In The Trap Sing McKnight;1;243
Romania;Europe;12;SICKO MODE;Travis Scott;ASTROWORLD;1;312
Romania;Europe;13;Blueberry Faygo;Lil Mosey;Certified Hitmaker;1;162
Romania;Europe;14;Breaking Me;Topic, A7S;Breaking Me;0;166
Romania;Europe;15;Daechwita;Agust D;D-2;1;225
Romania;Europe;16;Life Is Good (feat. Drake);Future, Drake;High Off Life;1;237
Romania;Europe;17;Don't Start Now;Dua Lipa;Future Nostalgia;0;183
Romania;Europe;18;Falling;Trevor Daniel;Nicotine;0;159
Romania;Europe;19;Miami Bici;Killa Fonic;Miami Bici;0;184
Romania;Europe;20;Sigur Dar Incet;Ian, Azteca;Sigur Dar Incet;1;182
Romania;Europe;21;WHATS POPPIN;Jack Harlow;Sweet Action;1;139
Romania;Europe;22;In Your Eyes;The Weeknd;After Hours;1;237
Romania;Europe;23;death bed (coffee for your head) (feat. beabadoobee);Powfu, beabadoobee;death bed (coffee for your head) (feat. beabadoobee);0;173
Romania;Europe;24;After Party;Don Toliver;Heaven Or Hell;1;167
Romania;Europe;25;Dau Moda;Jador, Lino Golden;Dau Moda;0;138
Romania;Europe;26;Stuck with U (with Justin Bieber);Ariana Grande, Justin Bieber;Stuck with U;0;228
Romania;Europe;27;Godzilla (feat. Juice WRLD);Eminem, Juice WRLD;Music To Be Murdered By;1;210
Romania;Europe;28;ily (i love you baby) (feat. Emilee);Surf Mesa, Emilee;ily (i love you baby) (feat. Emilee);0;176
Romania;Europe;29;Dragostea Ta;Nane;Dragostea Ta;0;209
Romania;Europe;30;Break My Heart;Dua Lipa;Future Nostalgia;0;221
Romania;Europe;31;Dance Monkey;Tones And I;Dance Monkey (Stripped Back) / Dance Monkey;0;209
Romania;Europe;32;ROXANNE;Arizona Zervas;ROXANNE;1;163
Romania;Europe;33;Party Girl;StaySolidRocky;Party Girl;0;147
Romania;Europe;34;Pala Mande;Azteca, Ian;Pala Mande;1;179
Romania;Europe;35;Dior;Marko Glass, Bvcovia;Dior;1;177
Romania;Europe;36;Mili;Ian, Amtilb, Simiz;Mili;1;173
Romania;Europe;37;Intentions (feat. Quavo);Justin Bieber, Quavo;Changes;0;212
Romania;Europe;38;Watermelon Sugar;Harry Styles;Fine Line;0;174
Romania;Europe;39;Circles;Post Malone;Hollywood's Bleeding;0;215
Romania;Europe;40;Boss Bitch;Doja Cat;Boss Bitch;0;134
Romania;Europe;41;60 De Zile;Ian, Amuly;60 De Zile;1;176
Romania;Europe;42;Haolo;Killa Fonic, Nane;Haolo;1;171
Romania;Europe;43;Nefiu;Ian, Azteca;Nefiu;1;185
Romania;Europe;44;Be Kind (with Halsey);Marshmello, Halsey;Be Kind (with Halsey);0;172
Romania;Europe;45;Sunday Best;Surfaces;Where the Light Is;0;158
Romania;Europe;46;bad guy;Billie Eilish;WHEN WE ALL FALL ASLEEP, WHERE DO WE GO?;0;194
Romania;Europe;47;Supalonely;BENEE, Gus Dapperton;STELLA & STEVE;1;223
Romania;Europe;48;Say So (feat. Nicki Minaj);Doja Cat, Nicki Minaj;Say So (feat. Nicki Minaj);1;206
Romania;Europe;49;Lose Control;MEDUZA, Becky Hill, Goodboys;Lose Control;0;168
Romania;Europe;50;Play Date;Melanie Martinez;Cry Baby (Deluxe Edition);1;179
Singapore;Asia;1;Rain On Me (with Ariana Grande);Lady Gaga, Ariana Grande;Rain On Me (with Ariana Grande);0;182
Singapore;Asia;2;Stuck with U (with Justin Bieber);Ariana Grande, Justin Bieber;Stuck with U;0;228
Singapore;Asia;3;eight(Prod.&Feat. SUGA of BTS);IU, SUGA;eight;0;167
Singapore;Asia;4;Play Date;Melanie Martinez;Cry Baby (Deluxe Edition);1;179
Singapore;Asia;5;Be Kind (with Halsey);Marshmello, Halsey;Be Kind (with Halsey);0;172
Singapore;Asia;6;death bed (coffee for your head) (feat. beabadoobee);Powfu, beabadoobee;death bed (coffee for your head) (feat. beabadoobee);0;173
Singapore;Asia;7;Blinding Lights;The Weeknd;After Hours;0;200
Singapore;Asia;8;Don't Start Now;Dua Lipa;Future Nostalgia;0;183
Singapore;Asia;9;Intentions (feat. Quavo);Justin Bieber, Quavo;Changes;0;212
Singapore;Asia;10;Someone You Loved;Lewis Capaldi;Divinely Uninspired To A Hellish Extent;0;182
Singapore;Asia;11;Daechwita;Agust D;D-2;1;225
Singapore;Asia;12;Memories;Maroon 5;Memories;0;189
Singapore;Asia;13;Roses - Imanbek Remix;SAINt JHN, Imanbek;Roses (Imanbek Remix);1;176
Singapore;Asia;14;Supalonely;BENEE, Gus Dapperton;STELLA & STEVE;1;223
Singapore;Asia;15;ily (i love you baby) (feat. Emilee);Surf Mesa, Emilee;ily (i love you baby) (feat. Emilee);0;176
Singapore;Asia;16;Dance Monkey;Tones And I;Dance Monkey (Stripped Back) / Dance Monkey;0;209
Singapore;Asia;17;Toosie Slide;Drake;Dark Lane Demo Tapes;1;247
Singapore;Asia;18;Circles;Post Malone;Hollywood's Bleeding;0;215
Singapore;Asia;19;Break My Heart;Dua Lipa;Future Nostalgia;0;221
Singapore;Asia;20;If the World Was Ending - feat. Julia Michaels;JP Saxe, Julia Michaels;If the World Was Ending (feat. Julia Michaels);0;208
Singapore;Asia;21;Say So (feat. Nicki Minaj);Doja Cat, Nicki Minaj;Say So (feat. Nicki Minaj);1;206
Singapore;Asia;22;Blueberry Faygo;Lil Mosey;Certified Hitmaker;1;162
Singapore;Asia;23;Before You Go;Lewis Capaldi;Divinely Uninspired To A Hellish Extent (Extended Edition);0;215
Singapore;Asia;24;ROCKSTAR (feat. Roddy Ricch);DaBaby, Roddy Ricch;BLAME IT ON BABY;1;181
Singapore;Asia;25;Sunday Best;Surfaces;Where the Light Is;0;158
Singapore;Asia;26;"?????????(???""???""???)";831;"?????????(???""???""???)";0;239
Singapore;Asia;27;In Your Eyes;The Weeknd;After Hours;1;237
Singapore;Asia;28;???;Eric Chou;?????? (Deluxe);0;321
Singapore;Asia;29;Señorita;Shawn Mendes, Camila Cabello;Shawn Mendes (Deluxe);0;190
Singapore;Asia;30;????;Jay Chou, Ashin Chen;????;0;222
Singapore;Asia;31;THE SCOTTS;THE SCOTTS, Travis Scott, Kid Cudi;THE SCOTTS;1;165
Singapore;Asia;32;Lose Somebody;Kygo, OneRepublic;Lose Somebody;0;199
Singapore;Asia;33;Falling;Trevor Daniel;Nicotine;0;159
Singapore;Asia;34;Say So;Doja Cat;Hot Pink;1;237
Singapore;Asia;35;Daisies;Katy Perry;Daisies;0;173
Singapore;Asia;36;Suasana Di Hari Raya;Anuar & Ellina;Suasana Di Hari Raya;0;195
Singapore;Asia;37;Savage Remix (feat. Beyoncé);Megan Thee Stallion, Beyoncé;Savage Remix (feat. Beyoncé);1;242
Singapore;Asia;38;ROXANNE;Arizona Zervas;ROXANNE;1;163
Singapore;Asia;39;10,000 Hours (with Justin Bieber);Dan + Shay, Justin Bieber;10,000 Hours (with Justin Bieber);0;167
Singapore;Asia;40;WANNABE;ITZY;IT'z ME;0;191
Singapore;Asia;41;Boss Bitch;Doja Cat;Boss Bitch;0;134
Singapore;Asia;42;"?,???? - Ending Theme Song of TVBS Series ""Life List""";Eric Chou;?,??????;0;287
Singapore;Asia;43;What do you think?;Agust D;D-2;1;182
Singapore;Asia;44;The Box;Roddy Ricch;Please Excuse Me For Being Antisocial;1;196
Singapore;Asia;45;Seloka Hari Raya;Uji Rashid, Hail Amir;Siri Bintang Pujaan;0;178
Singapore;Asia;46;????? - ????????????????;A-Lin;A-Lin???;0;237
Singapore;Asia;47;????;Jay Chou;????????;0;215
Singapore;Asia;48;Strange;Agust D, RM;D-2;0;196
Singapore;Asia;49;28;Agust D, NiiHWA;D-2;0;133
Singapore;Asia;50;Moonlight;Agust D;D-2;1;163
Slovakia;Europe;1;Roses - Imanbek Remix;SAINt JHN, Imanbek;Roses (Imanbek Remix);1;176
Slovakia;Europe;2;GOOBA;6ix9ine;GOOBA;1;132
Slovakia;Europe;3;Blinding Lights;The Weeknd;After Hours;0;200
Slovakia;Europe;4;Rain On Me (with Ariana Grande);Lady Gaga, Ariana Grande;Rain On Me (with Ariana Grande);0;182
Slovakia;Europe;5;THE SCOTTS;THE SCOTTS, Travis Scott, Kid Cudi;THE SCOTTS;1;165
Slovakia;Europe;6;Breaking Me;Topic, A7S;Breaking Me;0;166
Slovakia;Europe;7;Viac;Nerie, Separ;OK;1;212
Slovakia;Europe;8;ROCKSTAR (feat. Roddy Ricch);DaBaby, Roddy Ricch;BLAME IT ON BABY;1;181
Slovakia;Europe;9;Ahoj Ahoj ?o Ty;Separ;Og;1;135
Slovakia;Europe;10;Og;Separ;Og;1;202
Slovakia;Europe;11;Origami;Separ, Ben Cristovao;Og;1;230
Slovakia;Europe;12;Toosie Slide;Drake;Dark Lane Demo Tapes;1;247
Slovakia;Europe;13;?o Odo M?a Chcete;Separ, Karlo, Nik Tendo, Yzomandias;Og;1;237
Slovakia;Europe;14;The Box;Roddy Ricch;Please Excuse Me For Being Antisocial;1;196
Slovakia;Europe;15;Strýko Separ;Separ;Og;1;134
Slovakia;Europe;16;?o Sa Dá;Separ;Og;1;144
Slovakia;Europe;17;death bed (coffee for your head) (feat. beabadoobee);Powfu, beabadoobee;death bed (coffee for your head) (feat. beabadoobee);0;173
Slovakia;Europe;18;Don't Start Now;Dua Lipa;Future Nostalgia;0;183
Slovakia;Europe;19;Falling;Trevor Daniel;Nicotine;0;159
Slovakia;Europe;20;ily (i love you baby) (feat. Emilee);Surf Mesa, Emilee;ily (i love you baby) (feat. Emilee);0;176
Slovakia;Europe;21;Boss Bitch;Doja Cat;Boss Bitch;0;134
Slovakia;Europe;22;Break My Heart;Dua Lipa;Future Nostalgia;0;221
Slovakia;Europe;23;Dance Monkey;Tones And I;Dance Monkey (Stripped Back) / Dance Monkey;0;209
Slovakia;Europe;24;Vetci Za Jedného;Separ, Tina;Og;0;238
Slovakia;Europe;25;Pinokio;Separ, Dano Kapitán;Og;0;217
Slovakia;Europe;26;Stuck with U (with Justin Bieber);Ariana Grande, Justin Bieber;Stuck with U;0;228
Slovakia;Europe;27;Blueberry Faygo;Lil Mosey;Certified Hitmaker;1;162
Slovakia;Europe;28;Supalonely;BENEE, Gus Dapperton;STELLA & STEVE;1;223
Slovakia;Europe;29;Ride It;Regard;Ride It;0;157
Slovakia;Europe;30;In Your Eyes;The Weeknd;After Hours;1;237
Slovakia;Europe;31;Watermelon Sugar;Harry Styles;Fine Line;0;174
Slovakia;Europe;32;Sunday Best;Surfaces;Where the Light Is;0;158
Slovakia;Europe;33;J Lo;Kontrafakt, Dalyb, Dokkeytino, Mirez, Zayo;Real Newz;1;212
Slovakia;Europe;34;Ruka Na Volante;Nerie;OK;0;172
Slovakia;Europe;35;Circles;Post Malone;Hollywood's Bleeding;0;215
Slovakia;Europe;36;Schíza;Separ, DMS;Og;1;216
Slovakia;Europe;37;SICKO MODE;Travis Scott;ASTROWORLD;1;312
Slovakia;Europe;38;goosebumps;Travis Scott;Birds In The Trap Sing McKnight;1;243
Slovakia;Europe;39;Snake Moves;Separ, Yzomandias;Og;1;152
Slovakia;Europe;40;HIGHEST IN THE ROOM;Travis Scott;HIGHEST IN THE ROOM;1;175
Slovakia;Europe;41;ROXANNE;Arizona Zervas;ROXANNE;1;163
Slovakia;Europe;42;Neviditelnej;Kontrafakt, Calin, Viktor Sheen;Real Newz;1;231
Slovakia;Europe;43;Godzilla (feat. Juice WRLD);Eminem, Juice WRLD;Music To Be Murdered By;1;210
Slovakia;Europe;44;Be Kind (with Halsey);Marshmello, Halsey;Be Kind (with Halsey);0;172
Slovakia;Europe;45;Ruky Pre?;Separ, Bitman, Rest;Og;1;233
Slovakia;Europe;46;So Mnou;Separ;Og;1;147
Slovakia;Europe;47;Someone You Loved;Lewis Capaldi;Divinely Uninspired To A Hellish Extent;0;182
Slovakia;Europe;48;Salt;Ava Max;Salt;0;180
Slovakia;Europe;49;Vietor;Separ, Nerie;Og;1;164
Slovakia;Europe;50;Hood Hero;Separ;Og;1;148
South Africa;Africa;1;Blinding Lights;The Weeknd;After Hours;0;200
South Africa;Africa;2;Toosie Slide;Drake;Dark Lane Demo Tapes;1;247
South Africa;Africa;3;ROCKSTAR (feat. Roddy Ricch);DaBaby, Roddy Ricch;BLAME IT ON BABY;1;181
South Africa;Africa;4;THE SCOTTS;THE SCOTTS, Travis Scott, Kid Cudi;THE SCOTTS;1;165
South Africa;Africa;5;Roses - Imanbek Remix;SAINt JHN, Imanbek;Roses (Imanbek Remix);1;176
South Africa;Africa;6;The Box;Roddy Ricch;Please Excuse Me For Being Antisocial;1;196
South Africa;Africa;7;ZOL;Max Hurrell;ZOL;0;132
South Africa;Africa;8;Blueberry Faygo;Lil Mosey;Certified Hitmaker;1;162
South Africa;Africa;9;Life Is Good (feat. Drake);Future, Drake;High Off Life;1;237
South Africa;Africa;10;Rain On Me (with Ariana Grande);Lady Gaga, Ariana Grande;Rain On Me (with Ariana Grande);0;182
South Africa;Africa;11;Dance Monkey;Tones And I;Dance Monkey (Stripped Back) / Dance Monkey;0;209
South Africa;Africa;12;Don't Start Now;Dua Lipa;Future Nostalgia;0;183
South Africa;Africa;13;Intentions (feat. Quavo);Justin Bieber, Quavo;Changes;0;212
South Africa;Africa;14;Circles;Post Malone;Hollywood's Bleeding;0;215
South Africa;Africa;15;death bed (coffee for your head) (feat. beabadoobee);Powfu, beabadoobee;death bed (coffee for your head) (feat. beabadoobee);0;173
South Africa;Africa;16;Someone You Loved;Lewis Capaldi;Divinely Uninspired To A Hellish Extent;0;182
South Africa;Africa;17;Stuck with U (with Justin Bieber);Ariana Grande, Justin Bieber;Stuck with U;0;228
South Africa;Africa;18;Falling;Trevor Daniel;Nicotine;0;159
South Africa;Africa;19;Savage Remix (feat. Beyoncé);Megan Thee Stallion, Beyoncé;Savage Remix (feat. Beyoncé);1;242
South Africa;Africa;20;WHATS POPPIN;Jack Harlow;Sweet Action;1;139
South Africa;Africa;21;Memories;Maroon 5;Memories;0;189
South Africa;Africa;22;You're the One;Elaine;Elements;0;200
South Africa;Africa;23;In Your Eyes;The Weeknd;After Hours;1;237
South Africa;Africa;24;Chicago Freestyle (feat. Giveon);Drake, Giveon;Dark Lane Demo Tapes;1;220
South Africa;Africa;25;Say So (feat. Nicki Minaj);Doja Cat, Nicki Minaj;Say So (feat. Nicki Minaj);1;206
South Africa;Africa;26;HIGHEST IN THE ROOM;Travis Scott;HIGHEST IN THE ROOM;1;175
South Africa;Africa;27;goosebumps;Travis Scott;Birds In The Trap Sing McKnight;1;243
South Africa;Africa;28;GOOBA;6ix9ine;GOOBA;1;132
South Africa;Africa;29;Beautiful People (feat. Khalid);Ed Sheeran, Khalid;No.6 Collaborations Project;0;197
South Africa;Africa;30;Go Crazy;Chris Brown, Young Thug;Slime & B;1;176
South Africa;Africa;31;ROXANNE;Arizona Zervas;ROXANNE;1;163
South Africa;Africa;32;SICKO MODE;Travis Scott;ASTROWORLD;1;312
South Africa;Africa;33;Righteous;Juice WRLD;Righteous;1;243
South Africa;Africa;34;Sunday Best;Surfaces;Where the Light Is;0;158
South Africa;Africa;35;Party Girl;StaySolidRocky;Party Girl;0;147
South Africa;Africa;36;Be Kind (with Halsey);Marshmello, Halsey;Be Kind (with Halsey);0;172
South Africa;Africa;37;everything i wanted;Billie Eilish;everything i wanted;0;245
South Africa;Africa;38;eMcimbini - Live;Kabza De Small, DJ Maphorisa, Aymos, Samthing Soweto, Mas Musiq, Myztro;Scorpion Kings Live;0;407
South Africa;Africa;39;ily (i love you baby) (feat. Emilee);Surf Mesa, Emilee;ily (i love you baby) (feat. Emilee);0;176
South Africa;Africa;40;Break My Heart;Dua Lipa;Future Nostalgia;0;221
South Africa;Africa;41;WUNNA;Gunna;WUNNA;1;158
South Africa;Africa;42;"I Need You - From the Netflix original series ""Blood & Water""";Nasty C, Rowlene;"I Need You (From the Netflix original series ""Blood & Water"")";0;205
South Africa;Africa;43;After Party;Don Toliver;Heaven Or Hell;1;167
South Africa;Africa;44;Godzilla (feat. Juice WRLD);Eminem, Juice WRLD;Music To Be Murdered By;1;210
South Africa;Africa;45;Before You Go;Lewis Capaldi;Divinely Uninspired To A Hellish Extent (Extended Edition);0;215
South Africa;Africa;46;Señorita;Shawn Mendes, Camila Cabello;Shawn Mendes (Deluxe);0;190
South Africa;Africa;47;Sunflower - Spider-Man: Into the Spider-Verse;Post Malone, Swae Lee;Hollywood's Bleeding;0;157
South Africa;Africa;48;Breaking Me;Topic, A7S;Breaking Me;0;166
South Africa;Africa;49;I Don't Care (with Justin Bieber);Ed Sheeran, Justin Bieber;No.6 Collaborations Project;0;219
South Africa;Africa;50;BELIEVE IT;PARTYNEXTDOOR, Rihanna;PARTYMOBILE;1;183
Spain;Europe;1;PAM;Justin Quiles, Daddy Yankee, El Alfa;PAM;1;201
Spain;Europe;2;La Jeepeta - Remix;Nio Garcia, Anuel AA, Myke Towers, Brray, Juanka;La Jeepeta (Remix);1;345
Spain;Europe;3;Nunca Estoy;C. Tangana;Nunca Estoy;0;162
Spain;Europe;4;Sola & Vacía;Casper Magico, Anuel AA;Sola & Vacía;1;182
Spain;Europe;5;PA' ROMPERLA;Bad Bunny, Don Omar;LAS QUE NO IBAN A SALIR;1;194
Spain;Europe;6;Mil Tequilas;Chema Rivas;Mil Tequilas;0;255
Spain;Europe;7;Favorito;Camilo;Por Primera Vez;0;209
Spain;Europe;8;Safaera;Bad Bunny, Jowell & Randy, Nengo Flow;YHLQMDLG;1;295
Spain;Europe;9;Amarillo;J Balvin;Colores;0;157
Spain;Europe;10;Hola, Nena (feat. Omar Montes);Nyno Vargas, Omar Montes;Hola, Nena (feat. Omar Montes);0;190
Spain;Europe;11;PORFA;Feid, Justin Quiles;FERXXO (VOL 1: M.O.R);0;232
Spain;Europe;12;Dime Bbsita;Robledo, Alex Martini;Dime Bbsita;0;174
Spain;Europe;13;Tusa;KAROL G, Nicki Minaj;Tusa;0;200
Spain;Europe;14;4 besos;Lola Indigo, Rauw Alejandro, Lalo Ebratt;4 besos;0;232
Spain;Europe;15;MÁS DE UNA CITA;Bad Bunny, Zion & Lennox;LAS QUE NO IBAN A SALIR;1;183
Spain;Europe;16;Relación;Sech;1 of 1;0;184
Spain;Europe;17;Rojo;J Balvin;Colores;0;150
Spain;Europe;18;Yo Perreo Sola;Bad Bunny;YHLQMDLG;0;172
Spain;Europe;19;BAD CON NICKY;Bad Bunny, Nicky Jam;LAS QUE NO IBAN A SALIR;1;202
Spain;Europe;20;Loco;Beéle;Loco;0;204
Spain;Europe;21;Una Mala (Remix);El Completo Rd, Chimbala;Una Mala (Remix);0;184
Spain;Europe;22;Elegí (feat. Dímelo Flow);Rauw Alejandro, Dalex, Lenny Tavárez, Dímelo Flow;Elegí (feat. Dímelo Flow);0;197
Spain;Europe;23;Se iluminaba;Fred De Palma, Ana Mena;Uebe;0;174
Spain;Europe;24;Tattoo;Rauw Alejandro;Tattoo;0;202
Spain;Europe;25;CÓMO SE SIENTE - Remix;Jhay Cortez, Bad Bunny;CÓMO SE SIENTE (Remix);1;227
Spain;Europe;26;Tak Tiki Tak;Harry Nach;Tak Tiki Tak;1;212
Spain;Europe;27;El Efecto;Rauw Alejandro, Chencho Corleone;El Efecto;0;217
Spain;Europe;28;Sur y Norte;Nengo Flow, Anuel AA;The Goat;1;215
Spain;Europe;29;Enemigos;Aitana, Reik;Enemigos;0;197
Spain;Europe;30;Diosa;Myke Towers;Easy Money Baby;1;214
Spain;Europe;31;Confía;Sech, Daddy Yankee;1 of 1;0;202
Spain;Europe;32;Atrévete;Yago Roche;Atrévete;0;190
Spain;Europe;33;Tu Eres Un Bom Bom - Remix;Kafu Banton, Bad Gyal;Tu Eres Un Bom Bom (Remix);0;173
Spain;Europe;34;Morado;J Balvin;Colores;0;200
Spain;Europe;35;Roses - Imanbek Remix;SAINt JHN, Imanbek;Roses (Imanbek Remix);1;176
Spain;Europe;36;Blinding Lights;The Weeknd;After Hours;0;200
Spain;Europe;37;Si Tú La Quieres;David Bisbal, Aitana;Si Tú La Quieres;0;224
Spain;Europe;38;La Difícil;Bad Bunny;YHLQMDLG;1;163
Spain;Europe;39;La Cama - Remix;Lunay, Myke Towers, Ozuna, Chencho Corleone, Rauw Alejandro;La Cama (Remix);0;330
Spain;Europe;40;Fantasias - Remix;Rauw Alejandro, Anuel AA, Natti Natasha, Farruko, Lunay;Fantasias (Remix) [feat. Farruko & Lunay];0;267
Spain;Europe;41;Dance Monkey;Tones And I;Dance Monkey (Stripped Back) / Dance Monkey;0;209
Spain;Europe;42;Rain On Me (with Ariana Grande);Lady Gaga, Ariana Grande;Rain On Me (with Ariana Grande);0;182
Spain;Europe;43;Follow;KAROL G, Anuel AA;Follow;0;203
Spain;Europe;44;Pegamos Tela;Lérica, Omar Montes, Abraham Mateo;Pegamos Tela;0;187
Spain;Europe;45;Locura;Cali Y El Dandee, Sebastian Yatra;Colegio;0;209
Spain;Europe;46;Prendio (Remix);Rvfv, Omar Montes, Daviles de Novelda;Prendio (Remix);0;191
Spain;Europe;47;Ponte Pa' Mi;Rauw Alejandro, Myke Towers, Sky Rompiendo;Ponte Pa' Mi;1;184
Spain;Europe;48;Gris;J Balvin;Colores;0;176
Spain;Europe;49;Alocao (With Bad Gyal);Omar Montes, Bad Gyal;Alocao (With Bad Gyal);0;209
Spain;Europe;50;BYE ME FUI;Bad Bunny;LAS QUE NO IBAN A SALIR;1;178
Sweden;Europe;1;Blinding Lights;The Weeknd;After Hours;0;200
Sweden;Europe;2;Svag;Victor Leksell;Svag;0;191
Sweden;Europe;3;ROCKSTAR (feat. Roddy Ricch);DaBaby, Roddy Ricch;BLAME IT ON BABY;1;181
Sweden;Europe;4;Young & Heartless;Yasin;98.01.11;1;145
Sweden;Europe;5;Komplicerad;Miss Li;Complicated;0;160
Sweden;Europe;6;Chris Tukker Ft Asme;Yasin, Asme;98.01.11;1;136
Sweden;Europe;7;Hiphop N RnB;Yasin;98.01.11;1;165
Sweden;Europe;8;Source Ft Aden;Yasin, Aden;98.01.11;1;152
Sweden;Europe;9;Workin;Yasin;98.01.11;1;141
Sweden;Europe;10;Spiderman ( Intro );Yasin;98.01.11;1;118
Sweden;Europe;11;Buzz Light Year;Yasin;98.01.11;1;158
Sweden;Europe;12;Think About It;Yasin;98.01.11;1;140
Sweden;Europe;13;GOOBA;6ix9ine;GOOBA;1;132
Sweden;Europe;14;Amen;Yasin;98.01.11;1;147
Sweden;Europe;15;Drownin;Yasin;98.01.11;1;144
Sweden;Europe;16;Roses - Imanbek Remix;SAINt JHN, Imanbek;Roses (Imanbek Remix);1;176
Sweden;Europe;17;En säng av rosor;Darin;En säng av rosor;0;222
Sweden;Europe;18;In Your Eyes;The Weeknd;After Hours;1;237
Sweden;Europe;19;Rain On Me (with Ariana Grande);Lady Gaga, Ariana Grande;Rain On Me (with Ariana Grande);0;182
Sweden;Europe;20;Kanske var vi rätt bra ändå;Newkid;Kanske var vi rätt bra ändå;0;153
Sweden;Europe;21;Ghetto Mamacita;Einár, Dree Low;Welcome To Sweden;1;185
Sweden;Europe;22;Lev nu dö sen;Miss Li;Lev nu dö sen;0;182
Sweden;Europe;23;Passa dig;Miriam Bryant;Passa dig;0;227
Sweden;Europe;24;Dance Monkey;Tones And I;Dance Monkey (Stripped Back) / Dance Monkey;0;209
Sweden;Europe;25;Lose Somebody;Kygo, OneRepublic;Lose Somebody;0;199
Sweden;Europe;26;DIP DIP;Dree Low, Owen;FLAWLESS 2;1;146
Sweden;Europe;27;Sexcigg;Lov1;Sexcigg;1;183
Sweden;Europe;28;Toosie Slide;Drake;Dark Lane Demo Tapes;1;247
Sweden;Europe;29;Stuck with U (with Justin Bieber);Ariana Grande, Justin Bieber;Stuck with U;0;228
Sweden;Europe;30;Sykepleierinnen (Sykehuset 2020);El Papi;Sykepleierinnen (Sykehuset 2020);0;182
Sweden;Europe;31;THE SCOTTS;THE SCOTTS, Travis Scott, Kid Cudi;THE SCOTTS;1;165
Sweden;Europe;32;BLod;Asme;BLod;1;168
Sweden;Europe;33;death bed (coffee for your head) (feat. beabadoobee);Powfu, beabadoobee;death bed (coffee for your head) (feat. beabadoobee);0;173
Sweden;Europe;34;Welcome To Sweden;Einár;Welcome To Sweden;1;168
Sweden;Europe;35;PIPPI;Dree Low;FLAWLESS;1;164
Sweden;Europe;36;Rover (feat. DTG);S1mba, DTG;Rover (feat. DTG);1;167
Sweden;Europe;37;Blueberry Faygo;Lil Mosey;Certified Hitmaker;1;162
Sweden;Europe;38;Det Kommer Bli Bra;Laleh;Det Kommer Bli Bra;0;231
Sweden;Europe;39;Kings & Queens;Ava Max;Kings & Queens;0;162
Sweden;Europe;40;ily (i love you baby) (feat. Emilee);Surf Mesa, Emilee;ily (i love you baby) (feat. Emilee);0;176
Sweden;Europe;41;Va händish;Einár, Thrife;Welcome To Sweden;1;156
Sweden;Europe;42;Think About Things;Daði Freyr;Think About Things;0;173
Sweden;Europe;43;Nån av oss;Miriam Bryant;Nån av oss;0;227
Sweden;Europe;44;Don't Start Now;Dua Lipa;Future Nostalgia;0;183
Sweden;Europe;45;Break My Heart;Dua Lipa;Future Nostalgia;0;221
Sweden;Europe;46;Chambea;Newkid;Chambea;0;170
Sweden;Europe;47;Apelsinskal (feat. Newkid);Tjuvjakt, Newkid;Apelsinskal (feat. Newkid);1;158
Sweden;Europe;48;Like It Is;Kygo, Zara Larsson, Tyga;Like It Is;0;183
Sweden;Europe;49;Alla drömmar är uppfyllda;Håkan Hellström;Rampljus Vol. 1;0;320
Sweden;Europe;50;Salt;Ava Max;Salt;0;180
Switzerland;Europe;1;ROCKSTAR (feat. Roddy Ricch);DaBaby, Roddy Ricch;BLAME IT ON BABY;1;181
Switzerland;Europe;2;Komm Komm;Capital Bra;Komm Komm;0;160
Switzerland;Europe;3;Roadrunner;Bonez MC;Roadrunner;0;149
Switzerland;Europe;4;Roses - Imanbek Remix;SAINt JHN, Imanbek;Roses (Imanbek Remix);1;176
Switzerland;Europe;5;Blinding Lights;The Weeknd;After Hours;0;200
Switzerland;Europe;6;GOOBA;6ix9ine;GOOBA;1;132
Switzerland;Europe;7;Toosie Slide;Drake;Dark Lane Demo Tapes;1;247
Switzerland;Europe;8;ily (i love you baby) (feat. Emilee);Surf Mesa, Emilee;ily (i love you baby) (feat. Emilee);0;176
Switzerland;Europe;9;Dance Monkey;Tones And I;Dance Monkey (Stripped Back) / Dance Monkey;0;209
Switzerland;Europe;10;THE SCOTTS;THE SCOTTS, Travis Scott, Kid Cudi;THE SCOTTS;1;165
Switzerland;Europe;11;Breaking Me;Topic, A7S;Breaking Me;0;166
Switzerland;Europe;12;Fame;Apache 207;Fame;0;173
Switzerland;Europe;13;death bed (coffee for your head) (feat. beabadoobee);Powfu, beabadoobee;death bed (coffee for your head) (feat. beabadoobee);0;173
Switzerland;Europe;14;Rain On Me (with Ariana Grande);Lady Gaga, Ariana Grande;Rain On Me (with Ariana Grande);0;182
Switzerland;Europe;15;MAMACITA;Black Eyed Peas, Ozuna, J. Rey Soul;MAMACITA;1;249
Switzerland;Europe;16;In Your Eyes (feat. Alida);Robin Schulz, Alida;In Your Eyes (feat. Alida);0;208
Switzerland;Europe;17;Nicht verdient;Capital Bra, Loredana;Nicht verdient;0;176
Switzerland;Europe;18;Salt;Ava Max;Salt;0;180
Switzerland;Europe;19;Tusa;KAROL G, Nicki Minaj;Tusa;0;200
Switzerland;Europe;20;Airwaves;Pashanim;Airwaves;0;178
Switzerland;Europe;21;FAVELA;Dardan;FAVELA;1;159
Switzerland;Europe;22;The Box;Roddy Ricch;Please Excuse Me For Being Antisocial;1;196
Switzerland;Europe;23;Sunday Best;Surfaces;Where the Light Is;0;158
Switzerland;Europe;24;Don't Start Now;Dua Lipa;Future Nostalgia;0;183
Switzerland;Europe;25;Supalonely;BENEE, Gus Dapperton;STELLA & STEVE;1;223
Switzerland;Europe;26;Stuck with U (with Justin Bieber);Ariana Grande, Justin Bieber;Stuck with U;0;228
Switzerland;Europe;27;Kings & Queens;Ava Max;Kings & Queens;0;162
Switzerland;Europe;28;Emotions;Ufo361;Rich Rich;0;146
Switzerland;Europe;29;Lose Somebody;Kygo, OneRepublic;Lose Somebody;0;199
Switzerland;Europe;30;Someone You Loved;Lewis Capaldi;Divinely Uninspired To A Hellish Extent;0;182
Switzerland;Europe;31;Blueberry Faygo;Lil Mosey;Certified Hitmaker;1;162
Switzerland;Europe;32;HIGHEST IN THE ROOM;Travis Scott;HIGHEST IN THE ROOM;1;175
Switzerland;Europe;33;Roller;Apache 207;Platte;1;157
Switzerland;Europe;34;Modela;Ardian Bujupi;Modela;0;154
Switzerland;Europe;35;JAUNÉ;Booba, Zed;JAUNÉ;1;215
Switzerland;Europe;36;Before You Go;Lewis Capaldi;Divinely Uninspired To A Hellish Extent (Extended Edition);0;215
Switzerland;Europe;37;Life Is Good (feat. Drake);Future, Drake;High Off Life;1;237
Switzerland;Europe;38;Ride It;Regard;Ride It;0;157
Switzerland;Europe;39;Break My Heart;Dua Lipa;Future Nostalgia;0;221
Switzerland;Europe;40;Falling;Trevor Daniel;Nicotine;0;159
Switzerland;Europe;41;WHATS POPPIN;Jack Harlow;Sweet Action;1;139
Switzerland;Europe;42;Boss Bitch;Doja Cat;Boss Bitch;0;134
Switzerland;Europe;43;Some Say;Nea;Some Say;0;175
Switzerland;Europe;44;Don't Rush (feat. Headie One);Young T & Bugsey, Headie One;Plead The 5th;1;207
Switzerland;Europe;45;goosebumps;Travis Scott;Birds In The Trap Sing McKnight;1;243
Switzerland;Europe;46;Say So;Doja Cat;Hot Pink;1;237
Switzerland;Europe;47;Fingertips;Tom Gregory;Fingertips;0;165
Switzerland;Europe;48;GEHT NICH GIBS NICH;KC Rebell, Summer Cem;GEHT NICH GIBS NICH;0;180
Switzerland;Europe;49;WIEDER MAL;FOURTY, Monet192;WIEDER MAL;0;175
Switzerland;Europe;50;Maison;Luciano;Maison;0;193
Taiwan;Asia;1;Rain On Me (with Ariana Grande);Lady Gaga, Ariana Grande;Rain On Me (with Ariana Grande);0;182
Taiwan;Asia;2;?????;??E.SO;?????;0;178
Taiwan;Asia;3;"?????????(???""???""???)";831;"?????????(???""???""???)";0;239
Taiwan;Asia;4;eight(Prod.&Feat. SUGA of BTS);IU, SUGA;eight;0;167
Taiwan;Asia;5;Without You;??? OSN;#osnrap;0;175
Taiwan;Asia;6;CHANGE;??E.SO;CHANGE;0;159
Taiwan;Asia;7;??;Pika Chiu;????????????????;0;262
Taiwan;Asia;8;???;Eric Chou;?????? (Deluxe);0;321
Taiwan;Asia;9;Stuck with U (with Justin Bieber);Ariana Grande, Justin Bieber;Stuck with U;0;228
Taiwan;Asia;10;Be Kind (with Halsey);Marshmello, Halsey;Be Kind (with Halsey);0;172
Taiwan;Asia;11;????? feat. ???;Nine Chen, Feng Ze;? (PASS);0;286
Taiwan;Asia;12;????? - ????????????????;A-Lin;A-Lin???;0;237
Taiwan;Asia;13;??? (??????????????);LaLa Hsu;??? (??????????????);0;256
Taiwan;Asia;14;Intentions (feat. Quavo);Justin Bieber, Quavo;Changes;0;212
Taiwan;Asia;15;Don't Start Now;Dua Lipa;Future Nostalgia;0;183
Taiwan;Asia;16;????;Jay Chou, Ashin Chen;????;0;222
Taiwan;Asia;17;????;Ronghao Li;??;0;279
Taiwan;Asia;18;Break My Heart;Dua Lipa;Future Nostalgia;0;221
Taiwan;Asia;19;????;Yisa Yu;????;0;247
Taiwan;Asia;20;Lose Somebody;Kygo, OneRepublic;Lose Somebody;0;199
Taiwan;Asia;21;Say So (feat. Nicki Minaj);Doja Cat, Nicki Minaj;Say So (feat. Nicki Minaj);1;206
Taiwan;Asia;22;death bed (coffee for your head) (feat. beabadoobee);Powfu, beabadoobee;death bed (coffee for your head) (feat. beabadoobee);0;173
Taiwan;Asia;23;Señorita;Shawn Mendes, Camila Cabello;Shawn Mendes (Deluxe);0;190
Taiwan;Asia;24;??;Shirley Chen;??;0;269
Taiwan;Asia;25;Why You Gonna Lie;??? OSN;#osnrap;0;174
Taiwan;Asia;26;???;EggPlantEgg;???????;0;253
Taiwan;Asia;27;Blinding Lights;The Weeknd;After Hours;0;200
Taiwan;Asia;28;Memories;Maroon 5;Memories;0;189
Taiwan;Asia;29;??;G.E.M.;?????;0;235
Taiwan;Asia;30;ROCKSTAR (feat. Roddy Ricch);DaBaby, Roddy Ricch;BLAME IT ON BABY;1;181
Taiwan;Asia;31;???????;???;???????;0;349
Taiwan;Asia;32;Toosie Slide;Drake;Dark Lane Demo Tapes;1;247
Taiwan;Asia;33;Someone You Loved;Lewis Capaldi;Divinely Uninspired To A Hellish Extent;0;182
Taiwan;Asia;34;??????;Rachel Liang;#2019???;0;268
Taiwan;Asia;35;Dance Monkey;Tones And I;Dance Monkey (Stripped Back) / Dance Monkey;0;209
Taiwan;Asia;36;?????????;Shirley Chen;?????????;0;251
Taiwan;Asia;37;COLORFUL;???;BOARDING;0;216
Taiwan;Asia;38;Without You - Acoustic Version;??? OSN, Vicky Chen;#osnrap;0;204
Taiwan;Asia;39;Daechwita;Agust D;D-2;1;225
Taiwan;Asia;40;??;G.E.M.;??;0;229
Taiwan;Asia;41;????;??? OSN;#osnrap;0;166
Taiwan;Asia;42;Daisies;Katy Perry;Daisies;0;173
Taiwan;Asia;43;??;Fish Leong;???? - ??????;0;289
Taiwan;Asia;44;??????;Tiger Hu;???;0;299
Taiwan;Asia;45;Circles;Post Malone;Hollywood's Bleeding;0;215
Taiwan;Asia;46;??;En;??;0;253
Taiwan;Asia;47;WANNABE;ITZY;IT'z ME;0;191
Taiwan;Asia;48;Blueberry Faygo;Lil Mosey;Certified Hitmaker;1;162
Taiwan;Asia;49;THE SCOTTS;THE SCOTTS, Travis Scott, Kid Cudi;THE SCOTTS;1;165
Taiwan;Asia;50;?? (????????????);Yoga Lin;?? (????????????);0;245
Thailand;Asia;1;???(??????)??? (Same Page?);Tilly Birds;???(??????)??? (Same Page?);0;266
Thailand;Asia;2;??????????;GUNGUN;??????????;0;226
Thailand;Asia;3;???????;Mirrr;???????;0;216
Thailand;Asia;4;???????;Three Man Down;???????;0;262
Thailand;Asia;5;Stuck with U (with Justin Bieber);Ariana Grande, Justin Bieber;Stuck with U;0;228
Thailand;Asia;6;????;BOWKYLION;????;0;216
Thailand;Asia;7;Rain On Me (with Ariana Grande);Lady Gaga, Ariana Grande;Rain On Me (with Ariana Grande);0;182
Thailand;Asia;8;????;Scrubb;Club;0;257
Thailand;Asia;9;???????????????;Zommarie;???????????????;0;216
Thailand;Asia;10;eight(Prod.&Feat. SUGA of BTS);IU, SUGA;eight;0;167
Thailand;Asia;11;Blueberry Faygo;Lil Mosey;Certified Hitmaker;1;162
Thailand;Asia;12;?????? - ???????????????? ??????????????;????? ?????????;???????????????? ??????????????;0;243
Thailand;Asia;13;?????????;BOWKYLION;?????????;0;186
Thailand;Asia;14;Best Part (feat. Daniel Caesar);H.E.R., Daniel Caesar;H.E.R.;0;209
Thailand;Asia;15;?????????????????????????????????;Rooftop, AUTTA;?????????????????????????????????;0;201
Thailand;Asia;16;????????????????????? - ???????????????? ??????????????;????? ?????????;???????????????? ??????????????;0;248
Thailand;Asia;17;death bed (coffee for your head) (feat. beabadoobee);Powfu, beabadoobee;death bed (coffee for your head) (feat. beabadoobee);0;173
Thailand;Asia;18;???????;Billkin, JAYLERR;???????;0;217
Thailand;Asia;19;????? (UNEXPECTED);JAYLERR, PARIS;????? (UNEXPECTED);0;193
Thailand;Asia;20;????? (How to live without you);Stamp;????? (How to live without you);0;241
Thailand;Asia;21;good guys;LANY;good guys;0;224
Thailand;Asia;22;????????;Scrubb;SSSSS..!;0;256
Thailand;Asia;23;???????????????????;Three Man Down;???????????????????;0;228
Thailand;Asia;24;Intentions (feat. Quavo);Justin Bieber, Quavo;Changes;0;212
Thailand;Asia;25;?????;MEYOU;?????;0;160
Thailand;Asia;26;Daechwita;Agust D;D-2;1;225
Thailand;Asia;27;????????????;Zommarie, Lazyloxy;????????????;0;298
Thailand;Asia;28;???? (MAYSA) feat. BLACKSHEEP;fellow fellow;???? (MAYSA);0;239
Thailand;Asia;29;?????????????;Indigo;?????????????;0;241
Thailand;Asia;30;A Rocket to the Moon;Gavin D;A Rocket to the Moon;0;291
Thailand;Asia;31;?????????;Chart Suchart;?????????;0;252
Thailand;Asia;32;??????????;Gavin D, PUI, VARINZ, Nonny9, Z TRIP, MITEENNN;??????????;0;224
Thailand;Asia;33;??? (You're Mine);Earth Patravee;??? (You're Mine);0;216
Thailand;Asia;34;????????;Zommarie, Oat Pramote;????????;0;197
Thailand;Asia;35;????????;Wanyai;????????;0;277
Thailand;Asia;36;??????????? - ?????????????????? ?????????..??????????? ??????????????;The Toys;?????????????????? ?????????..??????????? ??????????????;0;150
Thailand;Asia;37;????????????? (Forgot to forget);Getsunova;????????????? (Forgot to forget);0;213
Thailand;Asia;38;Be Kind (with Halsey);Marshmello, Halsey;Be Kind (with Halsey);0;172
Thailand;Asia;39;Psycho;Red Velvet;The ReVe Festival Finale;0;210
Thailand;Asia;40;??????...??;The Parkinson;???;0;229
Thailand;Asia;41;Say So (feat. Nicki Minaj);Doja Cat, Nicki Minaj;Say So (feat. Nicki Minaj);1;206
Thailand;Asia;42;??????;Wanyai;??????;0;223
Thailand;Asia;43;Punch;NCT 127;NCT #127 Neo Zone: The Final Round - The 2nd Album Repackage;0;204
Thailand;Asia;44;????????? feat. KOB FLAT BOY;Lipta, KOB FLAT BOY;?????????;0;243
Thailand;Asia;45;Toosie Slide;Drake;Dark Lane Demo Tapes;1;247
Thailand;Asia;46;?????;Safeplanet;Safeboys;0;319
Thailand;Asia;47;??????;MEAN;??????;0;242
Thailand;Asia;48;Supalonely;BENEE, Gus Dapperton;STELLA & STEVE;1;223
Thailand;Asia;49;Say So;Doja Cat;Hot Pink;1;237
Thailand;Asia;50;Don't Start Now;Dua Lipa;Future Nostalgia;0;183
Turkey;Europe;1;Spacejump;BEGE;Spacejump;0;118
Turkey;Europe;2;Her Mevsim Yaz?m;Zeynep Bast?k;Her Mevsim Yaz?m;0;193
Turkey;Europe;3;Bi Sonraki Hayat?mda Gel;Murda, Ezhel;Bi Sonraki Hayat?mda Gel;0;167
Turkey;Europe;4;Unutulacak Dünler;Gazapizm;H?ZA;0;295
Turkey;Europe;5;Darbe;Emir Can ??rek, Patron;Darbe;0;160
Turkey;Europe;6;ALEV ALEV;Zen-G, Ati242;ALEV ALEV;1;174
Turkey;Europe;7;Roses - Imanbek Remix;SAINt JHN, Imanbek;Roses (Imanbek Remix);1;176
Turkey;Europe;8;Sa?? Solu Kes;Gazapizm;H?ZA;0;264
Turkey;Europe;9;kan sahibi;Contra;kan sahibi;1;177
Turkey;Europe;10;Sar Bu ?ehri (Akustik);Canozan;Dolunay;0;204
Turkey;Europe;11;ily (i love you baby) (feat. Emilee);Surf Mesa, Emilee;ily (i love you baby) (feat. Emilee);0;176
Turkey;Europe;12;Görünce Dünyam?n Y?k?ld???n?;?an??er;Görünce Dünyam?n Y?k?ld???n?;0;220
Turkey;Europe;13;Daha Mutlu Olamam;mor ve ötesi;Gül Kendine;0;220
Turkey;Europe;14;Kaz?l? Kuyum;Yüzyüzeyken Konu?uruz;Kaz?l? Kuyum;0;208
Turkey;Europe;15;Djadja;Aya Nakamura;NAKAMURA;0;171
Turkey;Europe;16;Uslanm?yor Bu;Zeynep Bast?k;Uslanm?yor Bu;0;193
Turkey;Europe;17;Ya?murlar;An?l Piyanc?, Perdenin Ard?ndakiler;Ya?murlar;0;237
Turkey;Europe;18;B?rakma Kendini;Kaan Bo?nak;B?rakma Kendini;0;240
Turkey;Europe;19;Leila;Reynmen;RnBesk;0;169
Turkey;Europe;20;Boss Bitch;Doja Cat;Boss Bitch;0;134
Turkey;Europe;21;Kalmam;Ebru Ya?ar;Kalmam;0;208
Turkey;Europe;22;AYA;Murda, Ezhel;AYA;0;196
Turkey;Europe;23;Bütün Istanbul Biliyo;?kiye On Kala;Bütün Istanbul Biliyo;0;150
Turkey;Europe;24;S?k? Dur;Ben Fero, An?l Piyanc?;S?k? Dur;0;230
Turkey;Europe;25;Ben De Yoluma Giderim;Sezen Aksu;Ben De Yoluma Giderim;0;200
Turkey;Europe;26;Mert KIYAK - Gel;Mert Kiyak, Ça?r? Kaymak;Mert KIYAK - Gel;0;172
Turkey;Europe;27;Dance Monkey;Tones And I;Dance Monkey (Stripped Back) / Dance Monkey;0;209
Turkey;Europe;28;El-Âlem;Tu?çe Kandemir;El-Âlem;0;172
Turkey;Europe;29;Peri?an?m;Edis;Peri?an?m;0;192
Turkey;Europe;30;THE SCOTTS;THE SCOTTS, Travis Scott, Kid Cudi;THE SCOTTS;1;165
Turkey;Europe;31;Eskimi? Senelere;Aspova;Hell;0;195
Turkey;Europe;32;Neyin Nesi;Dolu Kadehi Ters Tut;Neyin Nesi;0;196
Turkey;Europe;33;Dinle Beni Bi';Yüzyüzeyken Konu?uruz;Akustik Travma;0;144
Turkey;Europe;34;Böyle Sever;Kahraman Deniz;19;0;244
Turkey;Europe;35;Tuzaklara Dü?tüm;Kahraman Deniz;Tuzaklara Dü?tüm;0;223
Turkey;Europe;36;The Box;Roddy Ricch;Please Excuse Me For Being Antisocial;1;196
Turkey;Europe;37;Teni Tenime;Sena ?ener;Teni Tenime;0;196
Turkey;Europe;38;Yalan;Aleyna Tilki;Yalan;0;212
Turkey;Europe;39;Nalan;Emir Can ??rek;Nalan;0;199
Turkey;Europe;40;Ac?n?n ?lac?;Adamlar;Rüyalarda Buru?mu?uz;0;287
Turkey;Europe;41;Blinding Lights;The Weeknd;After Hours;0;200
Turkey;Europe;42;Beni Kendinden Kurtar;Perdenin Ard?ndakiler;Beni Kendinden Kurtar;0;206
Turkey;Europe;43;Hokkabazlar;Heijan, Muti;Hokkabazlar;0;178
Turkey;Europe;44;?lerle;BEGE;?lerle;1;207
Turkey;Europe;45;Ölsem Yeridir;Yüzyüzeyken Konu?uruz;Ölsem Yeridir;0;232
Turkey;Europe;46;Güne?;Murda, Zeynep Bast?k, Idaly;DO?A;0;165
Turkey;Europe;47;Pahal?;Murda;DO?A;1;132
Turkey;Europe;48;Falling;Trevor Daniel;Nicotine;0;159
Turkey;Europe;49;Rain On Me (with Ariana Grande);Lady Gaga, Ariana Grande;Rain On Me (with Ariana Grande);0;182
Turkey;Europe;50;Güzel K?zlar Patron Dinler;Patron;Sosyo Pat;0;175
United Kingdom;Europe;1;ROCKSTAR (feat. Roddy Ricch);DaBaby, Roddy Ricch;BLAME IT ON BABY;1;181
United Kingdom;Europe;2;Rain On Me (with Ariana Grande);Lady Gaga, Ariana Grande;Rain On Me (with Ariana Grande);0;182
United Kingdom;Europe;3;Blinding Lights;The Weeknd;After Hours;0;200
United Kingdom;Europe;4;Toosie Slide;Drake;Dark Lane Demo Tapes;1;247
United Kingdom;Europe;5;Roses - Imanbek Remix;SAINt JHN, Imanbek;Roses (Imanbek Remix);1;176
United Kingdom;Europe;6;Rover (feat. DTG);S1mba, DTG;Rover (feat. DTG);1;167
United Kingdom;Europe;7;death bed (coffee for your head) (feat. beabadoobee);Powfu, beabadoobee;death bed (coffee for your head) (feat. beabadoobee);0;173
United Kingdom;Europe;8;Houdini (feat. Swarmz & Tion Wayne);KSI, Tion Wayne, Swarmz;Dissimulation;1;168
United Kingdom;Europe;9;Blueberry Faygo;Lil Mosey;Certified Hitmaker;1;162
United Kingdom;Europe;10;Dinner Guest (feat. MoStack);AJ Tracey, MoStack;Dinner Guest (feat. MoStack);1;198
United Kingdom;Europe;11;Break My Heart;Dua Lipa;Future Nostalgia;0;221
United Kingdom;Europe;12;Stuck with U (with Justin Bieber);Ariana Grande, Justin Bieber;Stuck with U;0;228
United Kingdom;Europe;13;Rain;Aitch, AJ Tracey, Tay Keith;Rain;1;183
United Kingdom;Europe;14;Killa Killa (feat. Aiyana Lee);KSI, Aiyana-Lee;Dissimulation;1;151
United Kingdom;Europe;15;Flowers (feat. Jaykae);Nathan Dawe, Jaykae;Flowers (feat. Jaykae);0;197
United Kingdom;Europe;16;Lonely;Joel Corry;Lonely;0;190
United Kingdom;Europe;17;Cap (feat. Offset);KSI, Offset;Dissimulation;1;191
United Kingdom;Europe;18;Watermelon Sugar;Harry Styles;Fine Line;0;174
United Kingdom;Europe;19;Don't Start Now;Dua Lipa;Future Nostalgia;0;183
United Kingdom;Europe;20;Dance Monkey;Tones And I;Dance Monkey (Stripped Back) / Dance Monkey;0;209
United Kingdom;Europe;21;THE SCOTTS;THE SCOTTS, Travis Scott, Kid Cudi;THE SCOTTS;1;165
United Kingdom;Europe;22;Savage Remix (feat. Beyoncé);Megan Thee Stallion, Beyoncé;Savage Remix (feat. Beyoncé);1;242
United Kingdom;Europe;23;GOOBA;6ix9ine;GOOBA;1;132
United Kingdom;Europe;24;The Box;Roddy Ricch;Please Excuse Me For Being Antisocial;1;196
United Kingdom;Europe;25;Breaking Me;Topic, A7S;Breaking Me;0;166
United Kingdom;Europe;26;Say So (feat. Nicki Minaj);Doja Cat, Nicki Minaj;Say So (feat. Nicki Minaj);1;206
United Kingdom;Europe;27;Someone You Loved;Lewis Capaldi;Divinely Uninspired To A Hellish Extent;0;182
United Kingdom;Europe;28;Bad Lil Vibe (feat. Jeremih);KSI, Jeremih;Dissimulation;1;137
United Kingdom;Europe;29;Supalonely;BENEE, Gus Dapperton;STELLA & STEVE;1;223
United Kingdom;Europe;30;Millions;KSI;Dissimulation;1;193
United Kingdom;Europe;31;Dont Need Love (with GRACEY);220 KID, GRACEY;Don't Need Love;0;195
United Kingdom;Europe;32;Say So;Doja Cat;Hot Pink;1;237
United Kingdom;Europe;33;What You Been On;KSI;Dissimulation;1;119
United Kingdom;Europe;34;Domain;KSI;Dissimulation;1;180
United Kingdom;Europe;35;Adore You;Harry Styles;Fine Line;0;207
United Kingdom;Europe;36;If the World Was Ending - feat. Julia Michaels;JP Saxe, Julia Michaels;If the World Was Ending (feat. Julia Michaels);0;208
United Kingdom;Europe;37;Party Girl;StaySolidRocky;Party Girl;0;147
United Kingdom;Europe;38;Physical;Dua Lipa;Future Nostalgia;0;193
United Kingdom;Europe;39;Before You Go;Lewis Capaldi;Divinely Uninspired To A Hellish Extent (Extended Edition);0;215
United Kingdom;Europe;40;Down Like That (feat. Rick Ross, Lil Baby & S-X);KSI, S-X, Rick Ross, Lil Baby;Dissimulation;1;175
United Kingdom;Europe;41;Tequila - Jax Jones & Martin Solveig Present Europa;Jax Jones, Martin Solveig, RAYE, Europa;Snacks (Supersize);1;210
United Kingdom;Europe;42;goosebumps;Travis Scott;Birds In The Trap Sing McKnight;1;243
United Kingdom;Europe;43;Undefeated;KSI;Dissimulation;1;175
United Kingdom;Europe;44;Intentions (feat. Quavo);Justin Bieber, Quavo;Changes;0;212
United Kingdom;Europe;45;This City;Sam Fischer;This City;0;194
United Kingdom;Europe;46;Life Is Good (feat. Drake);Future, Drake;High Off Life;1;237
United Kingdom;Europe;47;Break Up Song;Little Mix;Break Up Song;0;200
United Kingdom;Europe;48;Boss Bitch;Doja Cat;Boss Bitch;0;134
United Kingdom;Europe;49;In Your Eyes;The Weeknd;After Hours;1;237
United Kingdom;Europe;50;Poppin (feat. Lil Pump & Smokepurpp);KSI, Lil Pump, Smokepurpp;Dissimulation;1;213
United States;North America;1;ROCKSTAR (feat. Roddy Ricch);DaBaby, Roddy Ricch;BLAME IT ON BABY;1;181
United States;North America;2;Rain On Me (with Ariana Grande);Lady Gaga, Ariana Grande;Rain On Me (with Ariana Grande);0;182
United States;North America;3;THE SCOTTS;THE SCOTTS, Travis Scott, Kid Cudi;THE SCOTTS;1;165
United States;North America;4;Blinding Lights;The Weeknd;After Hours;0;200
United States;North America;5;Blueberry Faygo;Lil Mosey;Certified Hitmaker;1;162
United States;North America;6;Toosie Slide;Drake;Dark Lane Demo Tapes;1;247
United States;North America;7;The Box;Roddy Ricch;Please Excuse Me For Being Antisocial;1;196
United States;North America;8;Party Girl;StaySolidRocky;Party Girl;0;147
United States;North America;9;Roses - Imanbek Remix;SAINt JHN, Imanbek;Roses (Imanbek Remix);1;176
United States;North America;10;Savage Remix (feat. Beyoncé);Megan Thee Stallion, Beyoncé;Savage Remix (feat. Beyoncé);1;242
United States;North America;11;WHATS POPPIN;Jack Harlow;Sweet Action;1;139
United States;North America;12;COOLER THAN A BITCH (feat. Roddy Ricch);Gunna, Roddy Ricch;WUNNA;1;197
United States;North America;13;GOOBA;6ix9ine;GOOBA;1;132
United States;North America;14;DOLLAZ ON MY HEAD (feat. Young Thug);Gunna, Young Thug;WUNNA;1;197
United States;North America;15;After Party;Don Toliver;Heaven Or Hell;1;167
United States;North America;16;Stuck with U (with Justin Bieber);Ariana Grande, Justin Bieber;Stuck with U;0;228
United States;North America;17;Life Is Good (feat. Drake);Future, Drake;High Off Life;1;237
United States;North America;18;Walk Em Down (feat. Roddy Ricch);NLE Choppa, Roddy Ricch;Walk Em Down (feat. Roddy Ricch);1;173
United States;North America;19;Righteous;Juice WRLD;Righteous;1;243
United States;North America;20;death bed (coffee for your head) (feat. beabadoobee);Powfu, beabadoobee;death bed (coffee for your head) (feat. beabadoobee);0;173
United States;North America;21;Sunday Best;Surfaces;Where the Light Is;0;158
United States;North America;22;Say So (feat. Nicki Minaj);Doja Cat, Nicki Minaj;Say So (feat. Nicki Minaj);1;206
United States;North America;23;Flex (feat. Juice WRLD);Polo G, Juice WRLD;THE GOAT;1;163
United States;North America;24;Circles;Post Malone;Hollywood's Bleeding;0;215
United States;North America;25;Intentions (feat. Quavo);Justin Bieber, Quavo;Changes;0;212
United States;North America;26;Don't Start Now;Dua Lipa;Future Nostalgia;0;183
United States;North America;27;In Your Eyes;The Weeknd;After Hours;1;237
United States;North America;28;Watermelon Sugar;Harry Styles;Fine Line;0;174
United States;North America;29;Chicago Freestyle (feat. Giveon);Drake, Giveon;Dark Lane Demo Tapes;1;220
United States;North America;30;WUNNA;Gunna;WUNNA;1;158
United States;North America;31;ROXANNE;Arizona Zervas;ROXANNE;1;163
United States;North America;32;Supalonely;BENEE, Gus Dapperton;STELLA & STEVE;1;223
United States;North America;33;Say So;Doja Cat;Hot Pink;1;237
United States;North America;34;Falling;Trevor Daniel;Nicotine;0;159
United States;North America;35;goosebumps;Travis Scott;Birds In The Trap Sing McKnight;1;243
United States;North America;36;Be Kind (with Halsey);Marshmello, Halsey;Be Kind (with Halsey);0;172
United States;North America;37;Sunflower - Spider-Man: Into the Spider-Verse;Post Malone, Swae Lee;Hollywood's Bleeding;0;157
United States;North America;38;HIGHEST IN THE ROOM;Travis Scott;HIGHEST IN THE ROOM;1;175
United States;North America;39;Break My Heart;Dua Lipa;Future Nostalgia;0;221
United States;North America;40;Adore You;Harry Styles;Fine Line;0;207
United States;North America;41;SICKO MODE;Travis Scott;ASTROWORLD;1;312
United States;North America;42;TOP FLOOR (feat. Travis Scott);Gunna, Travis Scott;WUNNA;1;169
United States;North America;43;Turks (with Gunna & ft. Travis Scott);NAV, Gunna, Travis Scott;Good Intentions;1;161
United States;North America;44;Play Date;Melanie Martinez;Cry Baby (Deluxe Edition);1;179
United States;North America;45;Ballin' (with Roddy Ricch);Mustard, Roddy Ricch;Perfect Ten;1;180
United States;North America;46;ily (i love you baby) (feat. Emilee);Surf Mesa, Emilee;ily (i love you baby) (feat. Emilee);0;176
United States;North America;47;Solitaires (feat. Travis Scott);Future, Travis Scott;High Off Life;1;205
United States;North America;48;hot girl bummer;blackbear;hot girl bummer;1;185
United States;North America;49;High Fashion (feat. Mustard);Roddy Ricch, Mustard;Please Excuse Me For Being Antisocial;1;220
United States;North America;50;Myron;Lil Uzi Vert;Eternal Atake (Deluxe) - LUV vs. The World 2;1;224
Uruguay;South America;1;Favorito;Camilo;Por Primera Vez;0;209
Uruguay;South America;2;PORFA;Feid, Justin Quiles;FERXXO (VOL 1: M.O.R);0;232
Uruguay;South America;3;Yo Perreo Sola;Bad Bunny;YHLQMDLG;0;172
Uruguay;South America;4;Rojo;J Balvin;Colores;0;150
Uruguay;South America;5;Elegí (feat. Dímelo Flow);Rauw Alejandro, Dalex, Lenny Tavárez, Dímelo Flow;Elegí (feat. Dímelo Flow);0;197
Uruguay;South America;6;Colocao;Nicki Nicole;Colocao;1;179
Uruguay;South America;7;Safaera;Bad Bunny, Jowell & Randy, Nengo Flow;YHLQMDLG;1;295
Uruguay;South America;8;Tattoo;Rauw Alejandro;Tattoo;0;202
Uruguay;South America;9;La Jeepeta - Remix;Nio Garcia, Anuel AA, Myke Towers, Brray, Juanka;La Jeepeta (Remix);1;345
Uruguay;South America;10;Relación;Sech;1 of 1;0;184
Uruguay;South America;11;Por Primera Vez;Camilo, Evaluna Montaner;Por Primera Vez;0;182
Uruguay;South America;12;Tusa;KAROL G, Nicki Minaj;Tusa;0;200
Uruguay;South America;13;Inolvidable;Ovy On The Drums, Beéle;Inolvidable;0;225
Uruguay;South America;14;C.R.O: Bzrp Music Session, Vol. 29;Bizarrap, C.R.O;C.R.O: Bzrp Music Session, Vol. 29;0;146
Uruguay;South America;15;Diosa;Myke Towers;Easy Money Baby;1;214
Uruguay;South America;16;Hola - Remix;Dalex, Lenny Tavárez, Chencho Corleone, Juhn, Dímelo Flow;Hola (Remix);0;249
Uruguay;South America;17;Locura;Cali Y El Dandee, Sebastian Yatra;Colegio;0;209
Uruguay;South America;18;Morado;J Balvin;Colores;0;200
Uruguay;South America;19;Amarillo;J Balvin;Colores;0;157
Uruguay;South America;20;Fantasias;Rauw Alejandro, Farruko;Fantasias;0;199
Uruguay;South America;21;La Difícil;Bad Bunny;YHLQMDLG;1;163
Uruguay;South America;22;Si Me Dices Que Sí;Reik, Farruko, Camilo;Si Me Dices Que Sí;0;211
Uruguay;South America;23;El Efecto - Remix;Rauw Alejandro, Chencho Corleone, KEVVO, Bryant Myers, Lyanno, Dalex;El Efecto (Remix);1;289
Uruguay;South America;24;Dance Monkey;Tones And I;Dance Monkey (Stripped Back) / Dance Monkey;0;209
Uruguay;South America;25;Sigues Con El;Dímelo Flow, Arcangel, Sech;Sigues Con El;0;226
Uruguay;South America;26;Rain On Me (with Ariana Grande);Lady Gaga, Ariana Grande;Rain On Me (with Ariana Grande);0;182
Uruguay;South America;27;Tak Tiki Tak;Harry Nach;Tak Tiki Tak;1;212
Uruguay;South America;28;Tutu;Camilo, Pedro Capó;Por Primera Vez;0;179
Uruguay;South America;29;Ignorantes;Bad Bunny, Sech;YHLQMDLG;1;210
Uruguay;South America;30;Muévelo;Nicky Jam, Daddy Yankee;Muévelo;0;194
Uruguay;South America;31;Loco;Beéle;Loco;0;204
Uruguay;South America;32;Follow;KAROL G, Anuel AA;Follow;0;203
Uruguay;South America;33;Bellaquita - Remix;Dalex, Lenny Tavárez, Anitta, Natti Natasha, Farruko, Justin Quiles;Modo Avión;1;304
Uruguay;South America;34;Loco - Remix;Farruko, Beéle, Natti Natasha, Manuel Turizo;Loco (Remix);0;248
Uruguay;South America;35;Ya No Más;Fer Palacio, DJ Alex, Santiago Saez;Ya No Más;0;158
Uruguay;South America;36;Roses - Imanbek Remix;SAINt JHN, Imanbek;Roses (Imanbek Remix);1;176
Uruguay;South America;37;La Pared 360;Lenny Tavárez, Justin Quiles;La Pared 360;1;154
Uruguay;South America;38;Mejor;Dalex, Sech;Modo Avión;1;201
Uruguay;South America;39;Bajo La Mesa;Morat, Sebastian Yatra;Bajo La Mesa;0;157
Uruguay;South America;40;Keii;Anuel AA;Keii;0;210
Uruguay;South America;41;La Cama - Remix;Lunay, Myke Towers, Ozuna, Chencho Corleone, Rauw Alejandro;La Cama (Remix);0;330
Uruguay;South America;42;Don't Start Now;Dua Lipa;Future Nostalgia;0;183
Uruguay;South America;43;BAD CON NICKY;Bad Bunny, Nicky Jam;LAS QUE NO IBAN A SALIR;1;202
Uruguay;South America;44;Confía;Sech, Daddy Yankee;1 of 1;0;202
Uruguay;South America;45;Azul;J Balvin;Colores;0;205
Uruguay;South America;46;La Difícil;Camilo;Por Primera Vez;0;158
Uruguay;South America;47;TBT;Sebastian Yatra, Rauw Alejandro, Manuel Turizo;TBT;0;239
Uruguay;South America;48;BYE ME FUI;Bad Bunny;LAS QUE NO IBAN A SALIR;1;178
Uruguay;South America;49;High;Maria Becerra;High;1;187
Uruguay;South America;50;Blinding Lights;The Weeknd;After Hours;0;200
Vietnam;Asia;1;em b? hút thu?c ch?a?;Bich Phuong, traitimtrongvang;tâm tr?ng tan h?i ch?m m?t chút;0;216
Vietnam;Asia;2;Play Date;Melanie Martinez;Cry Baby (Deluxe Edition);1;179
Vietnam;Asia;3;Rain On Me (with Ariana Grande);Lady Gaga, Ariana Grande;Rain On Me (with Ariana Grande);0;182
Vietnam;Asia;4;Daechwita;Agust D;D-2;1;225
Vietnam;Asia;5;Ke Cap Gap Ba Gia (feat. BINZ);Hoang Thuy Linh, Binz;Hoang;0;231
Vietnam;Asia;6;Stuck with U (with Justin Bieber);Ariana Grande, Justin Bieber;Stuck with U;0;228
Vietnam;Asia;7;eight(Prod.&Feat. SUGA of BTS);IU, SUGA;eight;0;167
Vietnam;Asia;8;death bed (coffee for your head) (feat. beabadoobee);Powfu, beabadoobee;death bed (coffee for your head) (feat. beabadoobee);0;173
Vietnam;Asia;9;Mascara;Chillies;Mascara;0;295
Vietnam;Asia;10;Vùng Ký ?c;Chillies;Vùng Ký ?c;0;298
Vietnam;Asia;11;L?i Nh?;?en, Ph??ng Anh ?ào;L?i Nh?;0;252
Vietnam;Asia;12;Intentions (feat. Quavo);Justin Bieber, Quavo;Changes;0;212
Vietnam;Asia;13;What do you think?;Agust D;D-2;1;182
Vietnam;Asia;14;Bài Này Chill Ph?t;?en, Min;Bài Này Chill Ph?t;0;276
Vietnam;Asia;15;People;Agust D;D-2;0;197
Vietnam;Asia;16;Strange;Agust D, RM;D-2;0;196
Vietnam;Asia;17;Be Kind (with Halsey);Marshmello, Halsey;Be Kind (with Halsey);0;172
Vietnam;Asia;18;Break My Heart;Dua Lipa;Future Nostalgia;0;221
Vietnam;Asia;19;28;Agust D, NiiHWA;D-2;0;133
Vietnam;Asia;20;Thanh Xuan;Da LAB;Thanh Xuan;0;220
Vietnam;Asia;21;Señorita;Shawn Mendes, Camila Cabello;Shawn Mendes (Deluxe);0;190
Vietnam;Asia;22;Memories;Maroon 5;Memories;0;189
Vietnam;Asia;23;Moonlight;Agust D;D-2;1;163
Vietnam;Asia;24;ily (i love you baby) (feat. Emilee);Surf Mesa, Emilee;ily (i love you baby) (feat. Emilee);0;176
Vietnam;Asia;25;Burn It;Agust D, MAX;D-2;0;192
Vietnam;Asia;26;Có Em ??i B?ng Vui;Chillies;Có Em ??i B?ng Vui;0;247
Vietnam;Asia;27;Dear my friend (feat. Kim Jong Wan of NELL);Agust D, Kim Jong Wan;D-2;1;292
Vietnam;Asia;28;Say So (feat. Nicki Minaj);Doja Cat, Nicki Minaj;Say So (feat. Nicki Minaj);1;206
Vietnam;Asia;29;Someone You Loved;Lewis Capaldi;Divinely Uninspired To A Hellish Extent;0;182
Vietnam;Asia;30;Don't Start Now;Dua Lipa;Future Nostalgia;0;183
Vietnam;Asia;31;Honsool;Agust D;D-2;1;219
Vietnam;Asia;32;Duyen Am;Hoang Thuy Linh;Hoang;0;179
Vietnam;Asia;33;Dance Monkey;Tones And I;Dance Monkey (Stripped Back) / Dance Monkey;0;209
Vietnam;Asia;34;Và Th? Là H?t;Chillies;Và Th? Là H?t;0;291
Vietnam;Asia;35;C?n Gì H?n;Tien Tien, JustaTee;C?n Gì H?n;0;206
Vietnam;Asia;36;Interlude : Set me free;Agust D;D-2;0;140
Vietnam;Asia;37;Hãy Trao Cho Anh;S?n Tùng M-TP, Snoop Dogg;Hãy Trao Cho Anh;0;245
Vietnam;Asia;38;7 rings;Ariana Grande;thank u, next;1;178
Vietnam;Asia;39;Can We Kiss Forever?;Kina, Adriana Proenza;Can We Kiss Forever?;0;187
Vietnam;Asia;40;Let Me Down Slowly;Alec Benjamin;Narrated For You;0;169
Vietnam;Asia;41;bad guy;Billie Eilish;WHEN WE ALL FALL ASLEEP, WHERE DO WE GO?;0;194
Vietnam;Asia;42;comethru (bonus track);Jeremy Zucker;love is not dying;0;181
Vietnam;Asia;43;L?N CU?I (?i bên em xót xa ng??i ?i);Ng?t;3 (tuy?n t?p nh?c Ng?t m?i tr? sôi ??ng 2019);0;222
Vietnam;Asia;44;Em Day Chang Phai Thuy Kieu;Hoang Thuy Linh;Hoang;0;214
Vietnam;Asia;45;Say So;Doja Cat;Hot Pink;1;237
Vietnam;Asia;46;?Ã T?NG LÀ;V?.;?Ã T?NG LÀ;0;260
Vietnam;Asia;47;M??n R??u T? Tình;BigDaddy, Emily;M??n R??u T? Tình;0;198
Vietnam;Asia;48;Ngày T?n Th?;Tóc Tiên, Da LAB, Touliver;Ngày T?n Th?;0;232
Vietnam;Asia;49;?i ?u ??a ?i;Bich Phuong;?i ?u ??a ?i;0;220
Vietnam;Asia;50;Blinding Lights;The Weeknd;After Hours;0;200
